xmin	xmax	key	clickSelects.variable	clickSelects.value	showSelected.variable	showSelected.value	PANEL	group
0.5	1.5	1	segments	1	segments	1	1	1
1.5	2.5	2 1	segments	2	segments	1	1	541
2.5	3.5	3 1	segments	3	segments	1	1	1080
3.5	4.5	4 1	segments	4	segments	1	1	1619
4.5	5.5	5 1	segments	5	segments	1	1	2158
5.5	6.5	6 1	segments	6	segments	1	1	2256
6.5	7.5	7 1	segments	7	segments	1	1	2305
7.5	8.5	8 1	segments	8	segments	1	1	2354
8.5	9.5	9 1	segments	9	segments	1	1	2403
9.5	10.5	10 1	segments	10	segments	1	1	51
10.5	11.5	11 1	segments	11	segments	1	1	100
11.5	12.5	12 1	segments	12	segments	1	1	149
12.5	13.5	13 1	segments	13	segments	1	1	198
13.5	14.5	14 1	segments	14	segments	1	1	247
14.5	15.5	15 1	segments	15	segments	1	1	296
15.5	16.5	16 1	segments	16	segments	1	1	345
16.5	17.5	17 1	segments	17	segments	1	1	394
17.5	18.5	18 1	segments	18	segments	1	1	443
18.5	19.5	19 1	segments	19	segments	1	1	492
19.5	20.5	20 1	segments	20	segments	1	1	590
20.5	21.5	21 1	segments	21	segments	1	1	639
21.5	22.5	22 1	segments	22	segments	1	1	688
22.5	23.5	23 1	segments	23	segments	1	1	737
23.5	24.5	24 1	segments	24	segments	1	1	786
24.5	25.5	25 1	segments	25	segments	1	1	835
25.5	26.5	26 1	segments	26	segments	1	1	884
26.5	27.5	27 1	segments	27	segments	1	1	933
27.5	28.5	28 1	segments	28	segments	1	1	982
28.5	29.5	29 1	segments	29	segments	1	1	1031
29.5	30.5	30 1	segments	30	segments	1	1	1129
30.5	31.5	31 1	segments	31	segments	1	1	1178
31.5	32.5	32 1	segments	32	segments	1	1	1227
32.5	33.5	33 1	segments	33	segments	1	1	1276
33.5	34.5	34 1	segments	34	segments	1	1	1325
34.5	35.5	35 1	segments	35	segments	1	1	1374
35.5	36.5	36 1	segments	36	segments	1	1	1423
36.5	37.5	37 1	segments	37	segments	1	1	1472
37.5	38.5	38 1	segments	38	segments	1	1	1521
38.5	39.5	39 1	segments	39	segments	1	1	1570
39.5	40.5	40 1	segments	40	segments	1	1	1668
40.5	41.5	41 1	segments	41	segments	1	1	1717
41.5	42.5	42 1	segments	42	segments	1	1	1766
42.5	43.5	43 1	segments	43	segments	1	1	1815
43.5	44.5	44 1	segments	44	segments	1	1	1864
44.5	45.5	45 1	segments	45	segments	1	1	1913
45.5	46.5	46 1	segments	46	segments	1	1	1962
46.5	47.5	47 1	segments	47	segments	1	1	2011
47.5	48.5	48 1	segments	48	segments	1	1	2060
48.5	49.5	49 1	segments	49	segments	1	1	2109
49.5	50.5	50 1	segments	50	segments	1	1	2207
0.5	1.5	1 2	segments	1	segments	2	1	12
1.5	2.5	1	segments	2	segments	2	1	1
2.5	3.5	3 2	segments	3	segments	2	1	1091
3.5	4.5	4 2	segments	4	segments	2	1	1630
4.5	5.5	5 2	segments	5	segments	2	1	2169
5.5	6.5	6 2	segments	6	segments	2	1	2267
6.5	7.5	7 2	segments	7	segments	2	1	2316
7.5	8.5	8 2	segments	8	segments	2	1	2365
8.5	9.5	9 2	segments	9	segments	2	1	2414
9.5	10.5	10 2	segments	10	segments	2	1	61
10.5	11.5	11 2	segments	11	segments	2	1	110
11.5	12.5	12 2	segments	12	segments	2	1	159
12.5	13.5	13 2	segments	13	segments	2	1	208
13.5	14.5	14 2	segments	14	segments	2	1	257
14.5	15.5	15 2	segments	15	segments	2	1	306
15.5	16.5	16 2	segments	16	segments	2	1	355
16.5	17.5	17 2	segments	17	segments	2	1	404
17.5	18.5	18 2	segments	18	segments	2	1	453
18.5	19.5	19 2	segments	19	segments	2	1	502
19.5	20.5	20 2	segments	20	segments	2	1	601
20.5	21.5	21 2	segments	21	segments	2	1	650
21.5	22.5	22 2	segments	22	segments	2	1	699
22.5	23.5	23 2	segments	23	segments	2	1	748
23.5	24.5	24 2	segments	24	segments	2	1	797
24.5	25.5	25 2	segments	25	segments	2	1	846
25.5	26.5	26 2	segments	26	segments	2	1	895
26.5	27.5	27 2	segments	27	segments	2	1	944
27.5	28.5	28 2	segments	28	segments	2	1	993
28.5	29.5	29 2	segments	29	segments	2	1	1042
29.5	30.5	30 2	segments	30	segments	2	1	1140
30.5	31.5	31 2	segments	31	segments	2	1	1189
31.5	32.5	32 2	segments	32	segments	2	1	1238
32.5	33.5	33 2	segments	33	segments	2	1	1287
33.5	34.5	34 2	segments	34	segments	2	1	1336
34.5	35.5	35 2	segments	35	segments	2	1	1385
35.5	36.5	36 2	segments	36	segments	2	1	1434
36.5	37.5	37 2	segments	37	segments	2	1	1483
37.5	38.5	38 2	segments	38	segments	2	1	1532
38.5	39.5	39 2	segments	39	segments	2	1	1581
39.5	40.5	40 2	segments	40	segments	2	1	1679
40.5	41.5	41 2	segments	41	segments	2	1	1728
41.5	42.5	42 2	segments	42	segments	2	1	1777
42.5	43.5	43 2	segments	43	segments	2	1	1826
43.5	44.5	44 2	segments	44	segments	2	1	1875
44.5	45.5	45 2	segments	45	segments	2	1	1924
45.5	46.5	46 2	segments	46	segments	2	1	1973
46.5	47.5	47 2	segments	47	segments	2	1	2022
47.5	48.5	48 2	segments	48	segments	2	1	2071
48.5	49.5	49 2	segments	49	segments	2	1	2120
49.5	50.5	50 2	segments	50	segments	2	1	2218
0.5	1.5	1 3	segments	1	segments	3	1	23
1.5	2.5	2 3	segments	2	segments	3	1	562
2.5	3.5	1	segments	3	segments	3	1	1
3.5	4.5	4 3	segments	4	segments	3	1	1641
4.5	5.5	5 3	segments	5	segments	3	1	2180
5.5	6.5	6 3	segments	6	segments	3	1	2278
6.5	7.5	7 3	segments	7	segments	3	1	2327
7.5	8.5	8 3	segments	8	segments	3	1	2376
8.5	9.5	9 3	segments	9	segments	3	1	2425
9.5	10.5	10 3	segments	10	segments	3	1	72
10.5	11.5	11 3	segments	11	segments	3	1	121
11.5	12.5	12 3	segments	12	segments	3	1	170
12.5	13.5	13 3	segments	13	segments	3	1	219
13.5	14.5	14 3	segments	14	segments	3	1	268
14.5	15.5	15 3	segments	15	segments	3	1	317
15.5	16.5	16 3	segments	16	segments	3	1	366
16.5	17.5	17 3	segments	17	segments	3	1	415
17.5	18.5	18 3	segments	18	segments	3	1	464
18.5	19.5	19 3	segments	19	segments	3	1	513
19.5	20.5	20 3	segments	20	segments	3	1	611
20.5	21.5	21 3	segments	21	segments	3	1	660
21.5	22.5	22 3	segments	22	segments	3	1	709
22.5	23.5	23 3	segments	23	segments	3	1	758
23.5	24.5	24 3	segments	24	segments	3	1	807
24.5	25.5	25 3	segments	25	segments	3	1	856
25.5	26.5	26 3	segments	26	segments	3	1	905
26.5	27.5	27 3	segments	27	segments	3	1	954
27.5	28.5	28 3	segments	28	segments	3	1	1003
28.5	29.5	29 3	segments	29	segments	3	1	1052
29.5	30.5	30 3	segments	30	segments	3	1	1151
30.5	31.5	31 3	segments	31	segments	3	1	1200
31.5	32.5	32 3	segments	32	segments	3	1	1249
32.5	33.5	33 3	segments	33	segments	3	1	1298
33.5	34.5	34 3	segments	34	segments	3	1	1347
34.5	35.5	35 3	segments	35	segments	3	1	1396
35.5	36.5	36 3	segments	36	segments	3	1	1445
36.5	37.5	37 3	segments	37	segments	3	1	1494
37.5	38.5	38 3	segments	38	segments	3	1	1543
38.5	39.5	39 3	segments	39	segments	3	1	1592
39.5	40.5	40 3	segments	40	segments	3	1	1690
40.5	41.5	41 3	segments	41	segments	3	1	1739
41.5	42.5	42 3	segments	42	segments	3	1	1788
42.5	43.5	43 3	segments	43	segments	3	1	1837
43.5	44.5	44 3	segments	44	segments	3	1	1886
44.5	45.5	45 3	segments	45	segments	3	1	1935
45.5	46.5	46 3	segments	46	segments	3	1	1984
46.5	47.5	47 3	segments	47	segments	3	1	2033
47.5	48.5	48 3	segments	48	segments	3	1	2082
48.5	49.5	49 3	segments	49	segments	3	1	2131
49.5	50.5	50 3	segments	50	segments	3	1	2229
0.5	1.5	1 4	segments	1	segments	4	1	34
1.5	2.5	2 4	segments	2	segments	4	1	573
2.5	3.5	3 4	segments	3	segments	4	1	1112
3.5	4.5	1	segments	4	segments	4	1	1
4.5	5.5	5 4	segments	5	segments	4	1	2191
5.5	6.5	6 4	segments	6	segments	4	1	2289
6.5	7.5	7 4	segments	7	segments	4	1	2338
7.5	8.5	8 4	segments	8	segments	4	1	2387
8.5	9.5	9 4	segments	9	segments	4	1	2436
9.5	10.5	10 4	segments	10	segments	4	1	83
10.5	11.5	11 4	segments	11	segments	4	1	132
11.5	12.5	12 4	segments	12	segments	4	1	181
12.5	13.5	13 4	segments	13	segments	4	1	230
13.5	14.5	14 4	segments	14	segments	4	1	279
14.5	15.5	15 4	segments	15	segments	4	1	328
15.5	16.5	16 4	segments	16	segments	4	1	377
16.5	17.5	17 4	segments	17	segments	4	1	426
17.5	18.5	18 4	segments	18	segments	4	1	475
18.5	19.5	19 4	segments	19	segments	4	1	524
19.5	20.5	20 4	segments	20	segments	4	1	622
20.5	21.5	21 4	segments	21	segments	4	1	671
21.5	22.5	22 4	segments	22	segments	4	1	720
22.5	23.5	23 4	segments	23	segments	4	1	769
23.5	24.5	24 4	segments	24	segments	4	1	818
24.5	25.5	25 4	segments	25	segments	4	1	867
25.5	26.5	26 4	segments	26	segments	4	1	916
26.5	27.5	27 4	segments	27	segments	4	1	965
27.5	28.5	28 4	segments	28	segments	4	1	1014
28.5	29.5	29 4	segments	29	segments	4	1	1063
29.5	30.5	30 4	segments	30	segments	4	1	1161
30.5	31.5	31 4	segments	31	segments	4	1	1210
31.5	32.5	32 4	segments	32	segments	4	1	1259
32.5	33.5	33 4	segments	33	segments	4	1	1308
33.5	34.5	34 4	segments	34	segments	4	1	1357
34.5	35.5	35 4	segments	35	segments	4	1	1406
35.5	36.5	36 4	segments	36	segments	4	1	1455
36.5	37.5	37 4	segments	37	segments	4	1	1504
37.5	38.5	38 4	segments	38	segments	4	1	1553
38.5	39.5	39 4	segments	39	segments	4	1	1602
39.5	40.5	40 4	segments	40	segments	4	1	1701
40.5	41.5	41 4	segments	41	segments	4	1	1750
41.5	42.5	42 4	segments	42	segments	4	1	1799
42.5	43.5	43 4	segments	43	segments	4	1	1848
43.5	44.5	44 4	segments	44	segments	4	1	1897
44.5	45.5	45 4	segments	45	segments	4	1	1946
45.5	46.5	46 4	segments	46	segments	4	1	1995
46.5	47.5	47 4	segments	47	segments	4	1	2044
47.5	48.5	48 4	segments	48	segments	4	1	2093
48.5	49.5	49 4	segments	49	segments	4	1	2142
49.5	50.5	50 4	segments	50	segments	4	1	2240
0.5	1.5	1 5	segments	1	segments	5	1	45
1.5	2.5	2 5	segments	2	segments	5	1	584
2.5	3.5	3 5	segments	3	segments	5	1	1123
3.5	4.5	4 5	segments	4	segments	5	1	1662
4.5	5.5	1	segments	5	segments	5	1	1
5.5	6.5	6 5	segments	6	segments	5	1	2300
6.5	7.5	7 5	segments	7	segments	5	1	2349
7.5	8.5	8 5	segments	8	segments	5	1	2398
8.5	9.5	9 5	segments	9	segments	5	1	2447
9.5	10.5	10 5	segments	10	segments	5	1	94
10.5	11.5	11 5	segments	11	segments	5	1	143
11.5	12.5	12 5	segments	12	segments	5	1	192
12.5	13.5	13 5	segments	13	segments	5	1	241
13.5	14.5	14 5	segments	14	segments	5	1	290
14.5	15.5	15 5	segments	15	segments	5	1	339
15.5	16.5	16 5	segments	16	segments	5	1	388
16.5	17.5	17 5	segments	17	segments	5	1	437
17.5	18.5	18 5	segments	18	segments	5	1	486
18.5	19.5	19 5	segments	19	segments	5	1	535
19.5	20.5	20 5	segments	20	segments	5	1	633
20.5	21.5	21 5	segments	21	segments	5	1	682
21.5	22.5	22 5	segments	22	segments	5	1	731
22.5	23.5	23 5	segments	23	segments	5	1	780
23.5	24.5	24 5	segments	24	segments	5	1	829
24.5	25.5	25 5	segments	25	segments	5	1	878
25.5	26.5	26 5	segments	26	segments	5	1	927
26.5	27.5	27 5	segments	27	segments	5	1	976
27.5	28.5	28 5	segments	28	segments	5	1	1025
28.5	29.5	29 5	segments	29	segments	5	1	1074
29.5	30.5	30 5	segments	30	segments	5	1	1172
30.5	31.5	31 5	segments	31	segments	5	1	1221
31.5	32.5	32 5	segments	32	segments	5	1	1270
32.5	33.5	33 5	segments	33	segments	5	1	1319
33.5	34.5	34 5	segments	34	segments	5	1	1368
34.5	35.5	35 5	segments	35	segments	5	1	1417
35.5	36.5	36 5	segments	36	segments	5	1	1466
36.5	37.5	37 5	segments	37	segments	5	1	1515
37.5	38.5	38 5	segments	38	segments	5	1	1564
38.5	39.5	39 5	segments	39	segments	5	1	1613
39.5	40.5	40 5	segments	40	segments	5	1	1711
40.5	41.5	41 5	segments	41	segments	5	1	1760
41.5	42.5	42 5	segments	42	segments	5	1	1809
42.5	43.5	43 5	segments	43	segments	5	1	1858
43.5	44.5	44 5	segments	44	segments	5	1	1907
44.5	45.5	45 5	segments	45	segments	5	1	1956
45.5	46.5	46 5	segments	46	segments	5	1	2005
46.5	47.5	47 5	segments	47	segments	5	1	2054
47.5	48.5	48 5	segments	48	segments	5	1	2103
48.5	49.5	49 5	segments	49	segments	5	1	2152
49.5	50.5	50 5	segments	50	segments	5	1	2251
0.5	1.5	1 6	segments	1	segments	6	1	47
1.5	2.5	2 6	segments	2	segments	6	1	586
2.5	3.5	3 6	segments	3	segments	6	1	1125
3.5	4.5	4 6	segments	4	segments	6	1	1664
4.5	5.5	5 6	segments	5	segments	6	1	2203
5.5	6.5	1	segments	6	segments	6	1	1
6.5	7.5	7 6	segments	7	segments	6	1	2351
7.5	8.5	8 6	segments	8	segments	6	1	2400
8.5	9.5	9 6	segments	9	segments	6	1	2449
9.5	10.5	10 6	segments	10	segments	6	1	96
10.5	11.5	11 6	segments	11	segments	6	1	145
11.5	12.5	12 6	segments	12	segments	6	1	194
12.5	13.5	13 6	segments	13	segments	6	1	243
13.5	14.5	14 6	segments	14	segments	6	1	292
14.5	15.5	15 6	segments	15	segments	6	1	341
15.5	16.5	16 6	segments	16	segments	6	1	390
16.5	17.5	17 6	segments	17	segments	6	1	439
17.5	18.5	18 6	segments	18	segments	6	1	488
18.5	19.5	19 6	segments	19	segments	6	1	537
19.5	20.5	20 6	segments	20	segments	6	1	635
20.5	21.5	21 6	segments	21	segments	6	1	684
21.5	22.5	22 6	segments	22	segments	6	1	733
22.5	23.5	23 6	segments	23	segments	6	1	782
23.5	24.5	24 6	segments	24	segments	6	1	831
24.5	25.5	25 6	segments	25	segments	6	1	880
25.5	26.5	26 6	segments	26	segments	6	1	929
26.5	27.5	27 6	segments	27	segments	6	1	978
27.5	28.5	28 6	segments	28	segments	6	1	1027
28.5	29.5	29 6	segments	29	segments	6	1	1076
29.5	30.5	30 6	segments	30	segments	6	1	1174
30.5	31.5	31 6	segments	31	segments	6	1	1223
31.5	32.5	32 6	segments	32	segments	6	1	1272
32.5	33.5	33 6	segments	33	segments	6	1	1321
33.5	34.5	34 6	segments	34	segments	6	1	1370
34.5	35.5	35 6	segments	35	segments	6	1	1419
35.5	36.5	36 6	segments	36	segments	6	1	1468
36.5	37.5	37 6	segments	37	segments	6	1	1517
37.5	38.5	38 6	segments	38	segments	6	1	1566
38.5	39.5	39 6	segments	39	segments	6	1	1615
39.5	40.5	40 6	segments	40	segments	6	1	1713
40.5	41.5	41 6	segments	41	segments	6	1	1762
41.5	42.5	42 6	segments	42	segments	6	1	1811
42.5	43.5	43 6	segments	43	segments	6	1	1860
43.5	44.5	44 6	segments	44	segments	6	1	1909
44.5	45.5	45 6	segments	45	segments	6	1	1958
45.5	46.5	46 6	segments	46	segments	6	1	2007
46.5	47.5	47 6	segments	47	segments	6	1	2056
47.5	48.5	48 6	segments	48	segments	6	1	2105
48.5	49.5	49 6	segments	49	segments	6	1	2154
49.5	50.5	50 6	segments	50	segments	6	1	2252
0.5	1.5	1 7	segments	1	segments	7	1	48
1.5	2.5	2 7	segments	2	segments	7	1	587
2.5	3.5	3 7	segments	3	segments	7	1	1126
3.5	4.5	4 7	segments	4	segments	7	1	1665
4.5	5.5	5 7	segments	5	segments	7	1	2204
5.5	6.5	6 7	segments	6	segments	7	1	2302
6.5	7.5	1	segments	7	segments	7	1	1
7.5	8.5	8 7	segments	8	segments	7	1	2401
8.5	9.5	9 7	segments	9	segments	7	1	2450
9.5	10.5	10 7	segments	10	segments	7	1	97
10.5	11.5	11 7	segments	11	segments	7	1	146
11.5	12.5	12 7	segments	12	segments	7	1	195
12.5	13.5	13 7	segments	13	segments	7	1	244
13.5	14.5	14 7	segments	14	segments	7	1	293
14.5	15.5	15 7	segments	15	segments	7	1	342
15.5	16.5	16 7	segments	16	segments	7	1	391
16.5	17.5	17 7	segments	17	segments	7	1	440
17.5	18.5	18 7	segments	18	segments	7	1	489
18.5	19.5	19 7	segments	19	segments	7	1	538
19.5	20.5	20 7	segments	20	segments	7	1	636
20.5	21.5	21 7	segments	21	segments	7	1	685
21.5	22.5	22 7	segments	22	segments	7	1	734
22.5	23.5	23 7	segments	23	segments	7	1	783
23.5	24.5	24 7	segments	24	segments	7	1	832
24.5	25.5	25 7	segments	25	segments	7	1	881
25.5	26.5	26 7	segments	26	segments	7	1	930
26.5	27.5	27 7	segments	27	segments	7	1	979
27.5	28.5	28 7	segments	28	segments	7	1	1028
28.5	29.5	29 7	segments	29	segments	7	1	1077
29.5	30.5	30 7	segments	30	segments	7	1	1175
30.5	31.5	31 7	segments	31	segments	7	1	1224
31.5	32.5	32 7	segments	32	segments	7	1	1273
32.5	33.5	33 7	segments	33	segments	7	1	1322
33.5	34.5	34 7	segments	34	segments	7	1	1371
34.5	35.5	35 7	segments	35	segments	7	1	1420
35.5	36.5	36 7	segments	36	segments	7	1	1469
36.5	37.5	37 7	segments	37	segments	7	1	1518
37.5	38.5	38 7	segments	38	segments	7	1	1567
38.5	39.5	39 7	segments	39	segments	7	1	1616
39.5	40.5	40 7	segments	40	segments	7	1	1714
40.5	41.5	41 7	segments	41	segments	7	1	1763
41.5	42.5	42 7	segments	42	segments	7	1	1812
42.5	43.5	43 7	segments	43	segments	7	1	1861
43.5	44.5	44 7	segments	44	segments	7	1	1910
44.5	45.5	45 7	segments	45	segments	7	1	1959
45.5	46.5	46 7	segments	46	segments	7	1	2008
46.5	47.5	47 7	segments	47	segments	7	1	2057
47.5	48.5	48 7	segments	48	segments	7	1	2106
48.5	49.5	49 7	segments	49	segments	7	1	2155
49.5	50.5	50 7	segments	50	segments	7	1	2253
0.5	1.5	1 8	segments	1	segments	8	1	49
1.5	2.5	2 8	segments	2	segments	8	1	588
2.5	3.5	3 8	segments	3	segments	8	1	1127
3.5	4.5	4 8	segments	4	segments	8	1	1666
4.5	5.5	5 8	segments	5	segments	8	1	2205
5.5	6.5	6 8	segments	6	segments	8	1	2303
6.5	7.5	7 8	segments	7	segments	8	1	2352
7.5	8.5	1	segments	8	segments	8	1	1
8.5	9.5	9 8	segments	9	segments	8	1	2451
9.5	10.5	10 8	segments	10	segments	8	1	98
10.5	11.5	11 8	segments	11	segments	8	1	147
11.5	12.5	12 8	segments	12	segments	8	1	196
12.5	13.5	13 8	segments	13	segments	8	1	245
13.5	14.5	14 8	segments	14	segments	8	1	294
14.5	15.5	15 8	segments	15	segments	8	1	343
15.5	16.5	16 8	segments	16	segments	8	1	392
16.5	17.5	17 8	segments	17	segments	8	1	441
17.5	18.5	18 8	segments	18	segments	8	1	490
18.5	19.5	19 8	segments	19	segments	8	1	539
19.5	20.5	20 8	segments	20	segments	8	1	637
20.5	21.5	21 8	segments	21	segments	8	1	686
21.5	22.5	22 8	segments	22	segments	8	1	735
22.5	23.5	23 8	segments	23	segments	8	1	784
23.5	24.5	24 8	segments	24	segments	8	1	833
24.5	25.5	25 8	segments	25	segments	8	1	882
25.5	26.5	26 8	segments	26	segments	8	1	931
26.5	27.5	27 8	segments	27	segments	8	1	980
27.5	28.5	28 8	segments	28	segments	8	1	1029
28.5	29.5	29 8	segments	29	segments	8	1	1078
29.5	30.5	30 8	segments	30	segments	8	1	1176
30.5	31.5	31 8	segments	31	segments	8	1	1225
31.5	32.5	32 8	segments	32	segments	8	1	1274
32.5	33.5	33 8	segments	33	segments	8	1	1323
33.5	34.5	34 8	segments	34	segments	8	1	1372
34.5	35.5	35 8	segments	35	segments	8	1	1421
35.5	36.5	36 8	segments	36	segments	8	1	1470
36.5	37.5	37 8	segments	37	segments	8	1	1519
37.5	38.5	38 8	segments	38	segments	8	1	1568
38.5	39.5	39 8	segments	39	segments	8	1	1617
39.5	40.5	40 8	segments	40	segments	8	1	1715
40.5	41.5	41 8	segments	41	segments	8	1	1764
41.5	42.5	42 8	segments	42	segments	8	1	1813
42.5	43.5	43 8	segments	43	segments	8	1	1862
43.5	44.5	44 8	segments	44	segments	8	1	1911
44.5	45.5	45 8	segments	45	segments	8	1	1960
45.5	46.5	46 8	segments	46	segments	8	1	2009
46.5	47.5	47 8	segments	47	segments	8	1	2058
47.5	48.5	48 8	segments	48	segments	8	1	2107
48.5	49.5	49 8	segments	49	segments	8	1	2156
49.5	50.5	50 8	segments	50	segments	8	1	2254
0.5	1.5	1 9	segments	1	segments	9	1	50
1.5	2.5	2 9	segments	2	segments	9	1	589
2.5	3.5	3 9	segments	3	segments	9	1	1128
3.5	4.5	4 9	segments	4	segments	9	1	1667
4.5	5.5	5 9	segments	5	segments	9	1	2206
5.5	6.5	6 9	segments	6	segments	9	1	2304
6.5	7.5	7 9	segments	7	segments	9	1	2353
7.5	8.5	8 9	segments	8	segments	9	1	2402
8.5	9.5	1	segments	9	segments	9	1	1
9.5	10.5	10 9	segments	10	segments	9	1	99
10.5	11.5	11 9	segments	11	segments	9	1	148
11.5	12.5	12 9	segments	12	segments	9	1	197
12.5	13.5	13 9	segments	13	segments	9	1	246
13.5	14.5	14 9	segments	14	segments	9	1	295
14.5	15.5	15 9	segments	15	segments	9	1	344
15.5	16.5	16 9	segments	16	segments	9	1	393
16.5	17.5	17 9	segments	17	segments	9	1	442
17.5	18.5	18 9	segments	18	segments	9	1	491
18.5	19.5	19 9	segments	19	segments	9	1	540
19.5	20.5	20 9	segments	20	segments	9	1	638
20.5	21.5	21 9	segments	21	segments	9	1	687
21.5	22.5	22 9	segments	22	segments	9	1	736
22.5	23.5	23 9	segments	23	segments	9	1	785
23.5	24.5	24 9	segments	24	segments	9	1	834
24.5	25.5	25 9	segments	25	segments	9	1	883
25.5	26.5	26 9	segments	26	segments	9	1	932
26.5	27.5	27 9	segments	27	segments	9	1	981
27.5	28.5	28 9	segments	28	segments	9	1	1030
28.5	29.5	29 9	segments	29	segments	9	1	1079
29.5	30.5	30 9	segments	30	segments	9	1	1177
30.5	31.5	31 9	segments	31	segments	9	1	1226
31.5	32.5	32 9	segments	32	segments	9	1	1275
32.5	33.5	33 9	segments	33	segments	9	1	1324
33.5	34.5	34 9	segments	34	segments	9	1	1373
34.5	35.5	35 9	segments	35	segments	9	1	1422
35.5	36.5	36 9	segments	36	segments	9	1	1471
36.5	37.5	37 9	segments	37	segments	9	1	1520
37.5	38.5	38 9	segments	38	segments	9	1	1569
38.5	39.5	39 9	segments	39	segments	9	1	1618
39.5	40.5	40 9	segments	40	segments	9	1	1716
40.5	41.5	41 9	segments	41	segments	9	1	1765
41.5	42.5	42 9	segments	42	segments	9	1	1814
42.5	43.5	43 9	segments	43	segments	9	1	1863
43.5	44.5	44 9	segments	44	segments	9	1	1912
44.5	45.5	45 9	segments	45	segments	9	1	1961
45.5	46.5	46 9	segments	46	segments	9	1	2010
46.5	47.5	47 9	segments	47	segments	9	1	2059
47.5	48.5	48 9	segments	48	segments	9	1	2108
48.5	49.5	49 9	segments	49	segments	9	1	2157
49.5	50.5	50 9	segments	50	segments	9	1	2255
0.5	1.5	1 10	segments	1	segments	10	1	2
1.5	2.5	2 10	segments	2	segments	10	1	542
2.5	3.5	3 10	segments	3	segments	10	1	1081
3.5	4.5	4 10	segments	4	segments	10	1	1620
4.5	5.5	5 10	segments	5	segments	10	1	2159
5.5	6.5	6 10	segments	6	segments	10	1	2257
6.5	7.5	7 10	segments	7	segments	10	1	2306
7.5	8.5	8 10	segments	8	segments	10	1	2355
8.5	9.5	9 10	segments	9	segments	10	1	2404
9.5	10.5	1	segments	10	segments	10	1	1
10.5	11.5	11 10	segments	11	segments	10	1	101
11.5	12.5	12 10	segments	12	segments	10	1	150
12.5	13.5	13 10	segments	13	segments	10	1	199
13.5	14.5	14 10	segments	14	segments	10	1	248
14.5	15.5	15 10	segments	15	segments	10	1	297
15.5	16.5	16 10	segments	16	segments	10	1	346
16.5	17.5	17 10	segments	17	segments	10	1	395
17.5	18.5	18 10	segments	18	segments	10	1	444
18.5	19.5	19 10	segments	19	segments	10	1	493
19.5	20.5	20 10	segments	20	segments	10	1	591
20.5	21.5	21 10	segments	21	segments	10	1	640
21.5	22.5	22 10	segments	22	segments	10	1	689
22.5	23.5	23 10	segments	23	segments	10	1	738
23.5	24.5	24 10	segments	24	segments	10	1	787
24.5	25.5	25 10	segments	25	segments	10	1	836
25.5	26.5	26 10	segments	26	segments	10	1	885
26.5	27.5	27 10	segments	27	segments	10	1	934
27.5	28.5	28 10	segments	28	segments	10	1	983
28.5	29.5	29 10	segments	29	segments	10	1	1032
29.5	30.5	30 10	segments	30	segments	10	1	1130
30.5	31.5	31 10	segments	31	segments	10	1	1179
31.5	32.5	32 10	segments	32	segments	10	1	1228
32.5	33.5	33 10	segments	33	segments	10	1	1277
33.5	34.5	34 10	segments	34	segments	10	1	1326
34.5	35.5	35 10	segments	35	segments	10	1	1375
35.5	36.5	36 10	segments	36	segments	10	1	1424
36.5	37.5	37 10	segments	37	segments	10	1	1473
37.5	38.5	38 10	segments	38	segments	10	1	1522
38.5	39.5	39 10	segments	39	segments	10	1	1571
39.5	40.5	40 10	segments	40	segments	10	1	1669
40.5	41.5	41 10	segments	41	segments	10	1	1718
41.5	42.5	42 10	segments	42	segments	10	1	1767
42.5	43.5	43 10	segments	43	segments	10	1	1816
43.5	44.5	44 10	segments	44	segments	10	1	1865
44.5	45.5	45 10	segments	45	segments	10	1	1914
45.5	46.5	46 10	segments	46	segments	10	1	1963
46.5	47.5	47 10	segments	47	segments	10	1	2012
47.5	48.5	48 10	segments	48	segments	10	1	2061
48.5	49.5	49 10	segments	49	segments	10	1	2110
49.5	50.5	50 10	segments	50	segments	10	1	2208
0.5	1.5	1 11	segments	1	segments	11	1	3
1.5	2.5	2 11	segments	2	segments	11	1	543
2.5	3.5	3 11	segments	3	segments	11	1	1082
3.5	4.5	4 11	segments	4	segments	11	1	1621
4.5	5.5	5 11	segments	5	segments	11	1	2160
5.5	6.5	6 11	segments	6	segments	11	1	2258
6.5	7.5	7 11	segments	7	segments	11	1	2307
7.5	8.5	8 11	segments	8	segments	11	1	2356
8.5	9.5	9 11	segments	9	segments	11	1	2405
9.5	10.5	10 11	segments	10	segments	11	1	52
10.5	11.5	1	segments	11	segments	11	1	1
11.5	12.5	12 11	segments	12	segments	11	1	151
12.5	13.5	13 11	segments	13	segments	11	1	200
13.5	14.5	14 11	segments	14	segments	11	1	249
14.5	15.5	15 11	segments	15	segments	11	1	298
15.5	16.5	16 11	segments	16	segments	11	1	347
16.5	17.5	17 11	segments	17	segments	11	1	396
17.5	18.5	18 11	segments	18	segments	11	1	445
18.5	19.5	19 11	segments	19	segments	11	1	494
19.5	20.5	20 11	segments	20	segments	11	1	592
20.5	21.5	21 11	segments	21	segments	11	1	641
21.5	22.5	22 11	segments	22	segments	11	1	690
22.5	23.5	23 11	segments	23	segments	11	1	739
23.5	24.5	24 11	segments	24	segments	11	1	788
24.5	25.5	25 11	segments	25	segments	11	1	837
25.5	26.5	26 11	segments	26	segments	11	1	886
26.5	27.5	27 11	segments	27	segments	11	1	935
27.5	28.5	28 11	segments	28	segments	11	1	984
28.5	29.5	29 11	segments	29	segments	11	1	1033
29.5	30.5	30 11	segments	30	segments	11	1	1131
30.5	31.5	31 11	segments	31	segments	11	1	1180
31.5	32.5	32 11	segments	32	segments	11	1	1229
32.5	33.5	33 11	segments	33	segments	11	1	1278
33.5	34.5	34 11	segments	34	segments	11	1	1327
34.5	35.5	35 11	segments	35	segments	11	1	1376
35.5	36.5	36 11	segments	36	segments	11	1	1425
36.5	37.5	37 11	segments	37	segments	11	1	1474
37.5	38.5	38 11	segments	38	segments	11	1	1523
38.5	39.5	39 11	segments	39	segments	11	1	1572
39.5	40.5	40 11	segments	40	segments	11	1	1670
40.5	41.5	41 11	segments	41	segments	11	1	1719
41.5	42.5	42 11	segments	42	segments	11	1	1768
42.5	43.5	43 11	segments	43	segments	11	1	1817
43.5	44.5	44 11	segments	44	segments	11	1	1866
44.5	45.5	45 11	segments	45	segments	11	1	1915
45.5	46.5	46 11	segments	46	segments	11	1	1964
46.5	47.5	47 11	segments	47	segments	11	1	2013
47.5	48.5	48 11	segments	48	segments	11	1	2062
48.5	49.5	49 11	segments	49	segments	11	1	2111
49.5	50.5	50 11	segments	50	segments	11	1	2209
0.5	1.5	1 12	segments	1	segments	12	1	4
1.5	2.5	2 12	segments	2	segments	12	1	544
2.5	3.5	3 12	segments	3	segments	12	1	1083
3.5	4.5	4 12	segments	4	segments	12	1	1622
4.5	5.5	5 12	segments	5	segments	12	1	2161
5.5	6.5	6 12	segments	6	segments	12	1	2259
6.5	7.5	7 12	segments	7	segments	12	1	2308
7.5	8.5	8 12	segments	8	segments	12	1	2357
8.5	9.5	9 12	segments	9	segments	12	1	2406
9.5	10.5	10 12	segments	10	segments	12	1	53
10.5	11.5	11 12	segments	11	segments	12	1	102
11.5	12.5	1	segments	12	segments	12	1	1
12.5	13.5	13 12	segments	13	segments	12	1	201
13.5	14.5	14 12	segments	14	segments	12	1	250
14.5	15.5	15 12	segments	15	segments	12	1	299
15.5	16.5	16 12	segments	16	segments	12	1	348
16.5	17.5	17 12	segments	17	segments	12	1	397
17.5	18.5	18 12	segments	18	segments	12	1	446
18.5	19.5	19 12	segments	19	segments	12	1	495
19.5	20.5	20 12	segments	20	segments	12	1	593
20.5	21.5	21 12	segments	21	segments	12	1	642
21.5	22.5	22 12	segments	22	segments	12	1	691
22.5	23.5	23 12	segments	23	segments	12	1	740
23.5	24.5	24 12	segments	24	segments	12	1	789
24.5	25.5	25 12	segments	25	segments	12	1	838
25.5	26.5	26 12	segments	26	segments	12	1	887
26.5	27.5	27 12	segments	27	segments	12	1	936
27.5	28.5	28 12	segments	28	segments	12	1	985
28.5	29.5	29 12	segments	29	segments	12	1	1034
29.5	30.5	30 12	segments	30	segments	12	1	1132
30.5	31.5	31 12	segments	31	segments	12	1	1181
31.5	32.5	32 12	segments	32	segments	12	1	1230
32.5	33.5	33 12	segments	33	segments	12	1	1279
33.5	34.5	34 12	segments	34	segments	12	1	1328
34.5	35.5	35 12	segments	35	segments	12	1	1377
35.5	36.5	36 12	segments	36	segments	12	1	1426
36.5	37.5	37 12	segments	37	segments	12	1	1475
37.5	38.5	38 12	segments	38	segments	12	1	1524
38.5	39.5	39 12	segments	39	segments	12	1	1573
39.5	40.5	40 12	segments	40	segments	12	1	1671
40.5	41.5	41 12	segments	41	segments	12	1	1720
41.5	42.5	42 12	segments	42	segments	12	1	1769
42.5	43.5	43 12	segments	43	segments	12	1	1818
43.5	44.5	44 12	segments	44	segments	12	1	1867
44.5	45.5	45 12	segments	45	segments	12	1	1916
45.5	46.5	46 12	segments	46	segments	12	1	1965
46.5	47.5	47 12	segments	47	segments	12	1	2014
47.5	48.5	48 12	segments	48	segments	12	1	2063
48.5	49.5	49 12	segments	49	segments	12	1	2112
49.5	50.5	50 12	segments	50	segments	12	1	2210
0.5	1.5	1 13	segments	1	segments	13	1	5
1.5	2.5	2 13	segments	2	segments	13	1	545
2.5	3.5	3 13	segments	3	segments	13	1	1084
3.5	4.5	4 13	segments	4	segments	13	1	1623
4.5	5.5	5 13	segments	5	segments	13	1	2162
5.5	6.5	6 13	segments	6	segments	13	1	2260
6.5	7.5	7 13	segments	7	segments	13	1	2309
7.5	8.5	8 13	segments	8	segments	13	1	2358
8.5	9.5	9 13	segments	9	segments	13	1	2407
9.5	10.5	10 13	segments	10	segments	13	1	54
10.5	11.5	11 13	segments	11	segments	13	1	103
11.5	12.5	12 13	segments	12	segments	13	1	152
12.5	13.5	1	segments	13	segments	13	1	1
13.5	14.5	14 13	segments	14	segments	13	1	251
14.5	15.5	15 13	segments	15	segments	13	1	300
15.5	16.5	16 13	segments	16	segments	13	1	349
16.5	17.5	17 13	segments	17	segments	13	1	398
17.5	18.5	18 13	segments	18	segments	13	1	447
18.5	19.5	19 13	segments	19	segments	13	1	496
19.5	20.5	20 13	segments	20	segments	13	1	594
20.5	21.5	21 13	segments	21	segments	13	1	643
21.5	22.5	22 13	segments	22	segments	13	1	692
22.5	23.5	23 13	segments	23	segments	13	1	741
23.5	24.5	24 13	segments	24	segments	13	1	790
24.5	25.5	25 13	segments	25	segments	13	1	839
25.5	26.5	26 13	segments	26	segments	13	1	888
26.5	27.5	27 13	segments	27	segments	13	1	937
27.5	28.5	28 13	segments	28	segments	13	1	986
28.5	29.5	29 13	segments	29	segments	13	1	1035
29.5	30.5	30 13	segments	30	segments	13	1	1133
30.5	31.5	31 13	segments	31	segments	13	1	1182
31.5	32.5	32 13	segments	32	segments	13	1	1231
32.5	33.5	33 13	segments	33	segments	13	1	1280
33.5	34.5	34 13	segments	34	segments	13	1	1329
34.5	35.5	35 13	segments	35	segments	13	1	1378
35.5	36.5	36 13	segments	36	segments	13	1	1427
36.5	37.5	37 13	segments	37	segments	13	1	1476
37.5	38.5	38 13	segments	38	segments	13	1	1525
38.5	39.5	39 13	segments	39	segments	13	1	1574
39.5	40.5	40 13	segments	40	segments	13	1	1672
40.5	41.5	41 13	segments	41	segments	13	1	1721
41.5	42.5	42 13	segments	42	segments	13	1	1770
42.5	43.5	43 13	segments	43	segments	13	1	1819
43.5	44.5	44 13	segments	44	segments	13	1	1868
44.5	45.5	45 13	segments	45	segments	13	1	1917
45.5	46.5	46 13	segments	46	segments	13	1	1966
46.5	47.5	47 13	segments	47	segments	13	1	2015
47.5	48.5	48 13	segments	48	segments	13	1	2064
48.5	49.5	49 13	segments	49	segments	13	1	2113
49.5	50.5	50 13	segments	50	segments	13	1	2211
0.5	1.5	1 14	segments	1	segments	14	1	6
1.5	2.5	2 14	segments	2	segments	14	1	546
2.5	3.5	3 14	segments	3	segments	14	1	1085
3.5	4.5	4 14	segments	4	segments	14	1	1624
4.5	5.5	5 14	segments	5	segments	14	1	2163
5.5	6.5	6 14	segments	6	segments	14	1	2261
6.5	7.5	7 14	segments	7	segments	14	1	2310
7.5	8.5	8 14	segments	8	segments	14	1	2359
8.5	9.5	9 14	segments	9	segments	14	1	2408
9.5	10.5	10 14	segments	10	segments	14	1	55
10.5	11.5	11 14	segments	11	segments	14	1	104
11.5	12.5	12 14	segments	12	segments	14	1	153
12.5	13.5	13 14	segments	13	segments	14	1	202
13.5	14.5	1	segments	14	segments	14	1	1
14.5	15.5	15 14	segments	15	segments	14	1	301
15.5	16.5	16 14	segments	16	segments	14	1	350
16.5	17.5	17 14	segments	17	segments	14	1	399
17.5	18.5	18 14	segments	18	segments	14	1	448
18.5	19.5	19 14	segments	19	segments	14	1	497
19.5	20.5	20 14	segments	20	segments	14	1	595
20.5	21.5	21 14	segments	21	segments	14	1	644
21.5	22.5	22 14	segments	22	segments	14	1	693
22.5	23.5	23 14	segments	23	segments	14	1	742
23.5	24.5	24 14	segments	24	segments	14	1	791
24.5	25.5	25 14	segments	25	segments	14	1	840
25.5	26.5	26 14	segments	26	segments	14	1	889
26.5	27.5	27 14	segments	27	segments	14	1	938
27.5	28.5	28 14	segments	28	segments	14	1	987
28.5	29.5	29 14	segments	29	segments	14	1	1036
29.5	30.5	30 14	segments	30	segments	14	1	1134
30.5	31.5	31 14	segments	31	segments	14	1	1183
31.5	32.5	32 14	segments	32	segments	14	1	1232
32.5	33.5	33 14	segments	33	segments	14	1	1281
33.5	34.5	34 14	segments	34	segments	14	1	1330
34.5	35.5	35 14	segments	35	segments	14	1	1379
35.5	36.5	36 14	segments	36	segments	14	1	1428
36.5	37.5	37 14	segments	37	segments	14	1	1477
37.5	38.5	38 14	segments	38	segments	14	1	1526
38.5	39.5	39 14	segments	39	segments	14	1	1575
39.5	40.5	40 14	segments	40	segments	14	1	1673
40.5	41.5	41 14	segments	41	segments	14	1	1722
41.5	42.5	42 14	segments	42	segments	14	1	1771
42.5	43.5	43 14	segments	43	segments	14	1	1820
43.5	44.5	44 14	segments	44	segments	14	1	1869
44.5	45.5	45 14	segments	45	segments	14	1	1918
45.5	46.5	46 14	segments	46	segments	14	1	1967
46.5	47.5	47 14	segments	47	segments	14	1	2016
47.5	48.5	48 14	segments	48	segments	14	1	2065
48.5	49.5	49 14	segments	49	segments	14	1	2114
49.5	50.5	50 14	segments	50	segments	14	1	2212
0.5	1.5	1 15	segments	1	segments	15	1	7
1.5	2.5	2 15	segments	2	segments	15	1	547
2.5	3.5	3 15	segments	3	segments	15	1	1086
3.5	4.5	4 15	segments	4	segments	15	1	1625
4.5	5.5	5 15	segments	5	segments	15	1	2164
5.5	6.5	6 15	segments	6	segments	15	1	2262
6.5	7.5	7 15	segments	7	segments	15	1	2311
7.5	8.5	8 15	segments	8	segments	15	1	2360
8.5	9.5	9 15	segments	9	segments	15	1	2409
9.5	10.5	10 15	segments	10	segments	15	1	56
10.5	11.5	11 15	segments	11	segments	15	1	105
11.5	12.5	12 15	segments	12	segments	15	1	154
12.5	13.5	13 15	segments	13	segments	15	1	203
13.5	14.5	14 15	segments	14	segments	15	1	252
14.5	15.5	1	segments	15	segments	15	1	1
15.5	16.5	16 15	segments	16	segments	15	1	351
16.5	17.5	17 15	segments	17	segments	15	1	400
17.5	18.5	18 15	segments	18	segments	15	1	449
18.5	19.5	19 15	segments	19	segments	15	1	498
19.5	20.5	20 15	segments	20	segments	15	1	596
20.5	21.5	21 15	segments	21	segments	15	1	645
21.5	22.5	22 15	segments	22	segments	15	1	694
22.5	23.5	23 15	segments	23	segments	15	1	743
23.5	24.5	24 15	segments	24	segments	15	1	792
24.5	25.5	25 15	segments	25	segments	15	1	841
25.5	26.5	26 15	segments	26	segments	15	1	890
26.5	27.5	27 15	segments	27	segments	15	1	939
27.5	28.5	28 15	segments	28	segments	15	1	988
28.5	29.5	29 15	segments	29	segments	15	1	1037
29.5	30.5	30 15	segments	30	segments	15	1	1135
30.5	31.5	31 15	segments	31	segments	15	1	1184
31.5	32.5	32 15	segments	32	segments	15	1	1233
32.5	33.5	33 15	segments	33	segments	15	1	1282
33.5	34.5	34 15	segments	34	segments	15	1	1331
34.5	35.5	35 15	segments	35	segments	15	1	1380
35.5	36.5	36 15	segments	36	segments	15	1	1429
36.5	37.5	37 15	segments	37	segments	15	1	1478
37.5	38.5	38 15	segments	38	segments	15	1	1527
38.5	39.5	39 15	segments	39	segments	15	1	1576
39.5	40.5	40 15	segments	40	segments	15	1	1674
40.5	41.5	41 15	segments	41	segments	15	1	1723
41.5	42.5	42 15	segments	42	segments	15	1	1772
42.5	43.5	43 15	segments	43	segments	15	1	1821
43.5	44.5	44 15	segments	44	segments	15	1	1870
44.5	45.5	45 15	segments	45	segments	15	1	1919
45.5	46.5	46 15	segments	46	segments	15	1	1968
46.5	47.5	47 15	segments	47	segments	15	1	2017
47.5	48.5	48 15	segments	48	segments	15	1	2066
48.5	49.5	49 15	segments	49	segments	15	1	2115
49.5	50.5	50 15	segments	50	segments	15	1	2213
0.5	1.5	1 16	segments	1	segments	16	1	8
1.5	2.5	2 16	segments	2	segments	16	1	548
2.5	3.5	3 16	segments	3	segments	16	1	1087
3.5	4.5	4 16	segments	4	segments	16	1	1626
4.5	5.5	5 16	segments	5	segments	16	1	2165
5.5	6.5	6 16	segments	6	segments	16	1	2263
6.5	7.5	7 16	segments	7	segments	16	1	2312
7.5	8.5	8 16	segments	8	segments	16	1	2361
8.5	9.5	9 16	segments	9	segments	16	1	2410
9.5	10.5	10 16	segments	10	segments	16	1	57
10.5	11.5	11 16	segments	11	segments	16	1	106
11.5	12.5	12 16	segments	12	segments	16	1	155
12.5	13.5	13 16	segments	13	segments	16	1	204
13.5	14.5	14 16	segments	14	segments	16	1	253
14.5	15.5	15 16	segments	15	segments	16	1	302
15.5	16.5	1	segments	16	segments	16	1	1
16.5	17.5	17 16	segments	17	segments	16	1	401
17.5	18.5	18 16	segments	18	segments	16	1	450
18.5	19.5	19 16	segments	19	segments	16	1	499
19.5	20.5	20 16	segments	20	segments	16	1	597
20.5	21.5	21 16	segments	21	segments	16	1	646
21.5	22.5	22 16	segments	22	segments	16	1	695
22.5	23.5	23 16	segments	23	segments	16	1	744
23.5	24.5	24 16	segments	24	segments	16	1	793
24.5	25.5	25 16	segments	25	segments	16	1	842
25.5	26.5	26 16	segments	26	segments	16	1	891
26.5	27.5	27 16	segments	27	segments	16	1	940
27.5	28.5	28 16	segments	28	segments	16	1	989
28.5	29.5	29 16	segments	29	segments	16	1	1038
29.5	30.5	30 16	segments	30	segments	16	1	1136
30.5	31.5	31 16	segments	31	segments	16	1	1185
31.5	32.5	32 16	segments	32	segments	16	1	1234
32.5	33.5	33 16	segments	33	segments	16	1	1283
33.5	34.5	34 16	segments	34	segments	16	1	1332
34.5	35.5	35 16	segments	35	segments	16	1	1381
35.5	36.5	36 16	segments	36	segments	16	1	1430
36.5	37.5	37 16	segments	37	segments	16	1	1479
37.5	38.5	38 16	segments	38	segments	16	1	1528
38.5	39.5	39 16	segments	39	segments	16	1	1577
39.5	40.5	40 16	segments	40	segments	16	1	1675
40.5	41.5	41 16	segments	41	segments	16	1	1724
41.5	42.5	42 16	segments	42	segments	16	1	1773
42.5	43.5	43 16	segments	43	segments	16	1	1822
43.5	44.5	44 16	segments	44	segments	16	1	1871
44.5	45.5	45 16	segments	45	segments	16	1	1920
45.5	46.5	46 16	segments	46	segments	16	1	1969
46.5	47.5	47 16	segments	47	segments	16	1	2018
47.5	48.5	48 16	segments	48	segments	16	1	2067
48.5	49.5	49 16	segments	49	segments	16	1	2116
49.5	50.5	50 16	segments	50	segments	16	1	2214
0.5	1.5	1 17	segments	1	segments	17	1	9
1.5	2.5	2 17	segments	2	segments	17	1	549
2.5	3.5	3 17	segments	3	segments	17	1	1088
3.5	4.5	4 17	segments	4	segments	17	1	1627
4.5	5.5	5 17	segments	5	segments	17	1	2166
5.5	6.5	6 17	segments	6	segments	17	1	2264
6.5	7.5	7 17	segments	7	segments	17	1	2313
7.5	8.5	8 17	segments	8	segments	17	1	2362
8.5	9.5	9 17	segments	9	segments	17	1	2411
9.5	10.5	10 17	segments	10	segments	17	1	58
10.5	11.5	11 17	segments	11	segments	17	1	107
11.5	12.5	12 17	segments	12	segments	17	1	156
12.5	13.5	13 17	segments	13	segments	17	1	205
13.5	14.5	14 17	segments	14	segments	17	1	254
14.5	15.5	15 17	segments	15	segments	17	1	303
15.5	16.5	16 17	segments	16	segments	17	1	352
16.5	17.5	1	segments	17	segments	17	1	1
17.5	18.5	18 17	segments	18	segments	17	1	451
18.5	19.5	19 17	segments	19	segments	17	1	500
19.5	20.5	20 17	segments	20	segments	17	1	598
20.5	21.5	21 17	segments	21	segments	17	1	647
21.5	22.5	22 17	segments	22	segments	17	1	696
22.5	23.5	23 17	segments	23	segments	17	1	745
23.5	24.5	24 17	segments	24	segments	17	1	794
24.5	25.5	25 17	segments	25	segments	17	1	843
25.5	26.5	26 17	segments	26	segments	17	1	892
26.5	27.5	27 17	segments	27	segments	17	1	941
27.5	28.5	28 17	segments	28	segments	17	1	990
28.5	29.5	29 17	segments	29	segments	17	1	1039
29.5	30.5	30 17	segments	30	segments	17	1	1137
30.5	31.5	31 17	segments	31	segments	17	1	1186
31.5	32.5	32 17	segments	32	segments	17	1	1235
32.5	33.5	33 17	segments	33	segments	17	1	1284
33.5	34.5	34 17	segments	34	segments	17	1	1333
34.5	35.5	35 17	segments	35	segments	17	1	1382
35.5	36.5	36 17	segments	36	segments	17	1	1431
36.5	37.5	37 17	segments	37	segments	17	1	1480
37.5	38.5	38 17	segments	38	segments	17	1	1529
38.5	39.5	39 17	segments	39	segments	17	1	1578
39.5	40.5	40 17	segments	40	segments	17	1	1676
40.5	41.5	41 17	segments	41	segments	17	1	1725
41.5	42.5	42 17	segments	42	segments	17	1	1774
42.5	43.5	43 17	segments	43	segments	17	1	1823
43.5	44.5	44 17	segments	44	segments	17	1	1872
44.5	45.5	45 17	segments	45	segments	17	1	1921
45.5	46.5	46 17	segments	46	segments	17	1	1970
46.5	47.5	47 17	segments	47	segments	17	1	2019
47.5	48.5	48 17	segments	48	segments	17	1	2068
48.5	49.5	49 17	segments	49	segments	17	1	2117
49.5	50.5	50 17	segments	50	segments	17	1	2215
0.5	1.5	1 18	segments	1	segments	18	1	10
1.5	2.5	2 18	segments	2	segments	18	1	550
2.5	3.5	3 18	segments	3	segments	18	1	1089
3.5	4.5	4 18	segments	4	segments	18	1	1628
4.5	5.5	5 18	segments	5	segments	18	1	2167
5.5	6.5	6 18	segments	6	segments	18	1	2265
6.5	7.5	7 18	segments	7	segments	18	1	2314
7.5	8.5	8 18	segments	8	segments	18	1	2363
8.5	9.5	9 18	segments	9	segments	18	1	2412
9.5	10.5	10 18	segments	10	segments	18	1	59
10.5	11.5	11 18	segments	11	segments	18	1	108
11.5	12.5	12 18	segments	12	segments	18	1	157
12.5	13.5	13 18	segments	13	segments	18	1	206
13.5	14.5	14 18	segments	14	segments	18	1	255
14.5	15.5	15 18	segments	15	segments	18	1	304
15.5	16.5	16 18	segments	16	segments	18	1	353
16.5	17.5	17 18	segments	17	segments	18	1	402
17.5	18.5	1	segments	18	segments	18	1	1
18.5	19.5	19 18	segments	19	segments	18	1	501
19.5	20.5	20 18	segments	20	segments	18	1	599
20.5	21.5	21 18	segments	21	segments	18	1	648
21.5	22.5	22 18	segments	22	segments	18	1	697
22.5	23.5	23 18	segments	23	segments	18	1	746
23.5	24.5	24 18	segments	24	segments	18	1	795
24.5	25.5	25 18	segments	25	segments	18	1	844
25.5	26.5	26 18	segments	26	segments	18	1	893
26.5	27.5	27 18	segments	27	segments	18	1	942
27.5	28.5	28 18	segments	28	segments	18	1	991
28.5	29.5	29 18	segments	29	segments	18	1	1040
29.5	30.5	30 18	segments	30	segments	18	1	1138
30.5	31.5	31 18	segments	31	segments	18	1	1187
31.5	32.5	32 18	segments	32	segments	18	1	1236
32.5	33.5	33 18	segments	33	segments	18	1	1285
33.5	34.5	34 18	segments	34	segments	18	1	1334
34.5	35.5	35 18	segments	35	segments	18	1	1383
35.5	36.5	36 18	segments	36	segments	18	1	1432
36.5	37.5	37 18	segments	37	segments	18	1	1481
37.5	38.5	38 18	segments	38	segments	18	1	1530
38.5	39.5	39 18	segments	39	segments	18	1	1579
39.5	40.5	40 18	segments	40	segments	18	1	1677
40.5	41.5	41 18	segments	41	segments	18	1	1726
41.5	42.5	42 18	segments	42	segments	18	1	1775
42.5	43.5	43 18	segments	43	segments	18	1	1824
43.5	44.5	44 18	segments	44	segments	18	1	1873
44.5	45.5	45 18	segments	45	segments	18	1	1922
45.5	46.5	46 18	segments	46	segments	18	1	1971
46.5	47.5	47 18	segments	47	segments	18	1	2020
47.5	48.5	48 18	segments	48	segments	18	1	2069
48.5	49.5	49 18	segments	49	segments	18	1	2118
49.5	50.5	50 18	segments	50	segments	18	1	2216
0.5	1.5	1 19	segments	1	segments	19	1	11
1.5	2.5	2 19	segments	2	segments	19	1	551
2.5	3.5	3 19	segments	3	segments	19	1	1090
3.5	4.5	4 19	segments	4	segments	19	1	1629
4.5	5.5	5 19	segments	5	segments	19	1	2168
5.5	6.5	6 19	segments	6	segments	19	1	2266
6.5	7.5	7 19	segments	7	segments	19	1	2315
7.5	8.5	8 19	segments	8	segments	19	1	2364
8.5	9.5	9 19	segments	9	segments	19	1	2413
9.5	10.5	10 19	segments	10	segments	19	1	60
10.5	11.5	11 19	segments	11	segments	19	1	109
11.5	12.5	12 19	segments	12	segments	19	1	158
12.5	13.5	13 19	segments	13	segments	19	1	207
13.5	14.5	14 19	segments	14	segments	19	1	256
14.5	15.5	15 19	segments	15	segments	19	1	305
15.5	16.5	16 19	segments	16	segments	19	1	354
16.5	17.5	17 19	segments	17	segments	19	1	403
17.5	18.5	18 19	segments	18	segments	19	1	452
18.5	19.5	1	segments	19	segments	19	1	1
19.5	20.5	20 19	segments	20	segments	19	1	600
20.5	21.5	21 19	segments	21	segments	19	1	649
21.5	22.5	22 19	segments	22	segments	19	1	698
22.5	23.5	23 19	segments	23	segments	19	1	747
23.5	24.5	24 19	segments	24	segments	19	1	796
24.5	25.5	25 19	segments	25	segments	19	1	845
25.5	26.5	26 19	segments	26	segments	19	1	894
26.5	27.5	27 19	segments	27	segments	19	1	943
27.5	28.5	28 19	segments	28	segments	19	1	992
28.5	29.5	29 19	segments	29	segments	19	1	1041
29.5	30.5	30 19	segments	30	segments	19	1	1139
30.5	31.5	31 19	segments	31	segments	19	1	1188
31.5	32.5	32 19	segments	32	segments	19	1	1237
32.5	33.5	33 19	segments	33	segments	19	1	1286
33.5	34.5	34 19	segments	34	segments	19	1	1335
34.5	35.5	35 19	segments	35	segments	19	1	1384
35.5	36.5	36 19	segments	36	segments	19	1	1433
36.5	37.5	37 19	segments	37	segments	19	1	1482
37.5	38.5	38 19	segments	38	segments	19	1	1531
38.5	39.5	39 19	segments	39	segments	19	1	1580
39.5	40.5	40 19	segments	40	segments	19	1	1678
40.5	41.5	41 19	segments	41	segments	19	1	1727
41.5	42.5	42 19	segments	42	segments	19	1	1776
42.5	43.5	43 19	segments	43	segments	19	1	1825
43.5	44.5	44 19	segments	44	segments	19	1	1874
44.5	45.5	45 19	segments	45	segments	19	1	1923
45.5	46.5	46 19	segments	46	segments	19	1	1972
46.5	47.5	47 19	segments	47	segments	19	1	2021
47.5	48.5	48 19	segments	48	segments	19	1	2070
48.5	49.5	49 19	segments	49	segments	19	1	2119
49.5	50.5	50 19	segments	50	segments	19	1	2217
0.5	1.5	1 20	segments	1	segments	20	1	13
1.5	2.5	2 20	segments	2	segments	20	1	552
2.5	3.5	3 20	segments	3	segments	20	1	1092
3.5	4.5	4 20	segments	4	segments	20	1	1631
4.5	5.5	5 20	segments	5	segments	20	1	2170
5.5	6.5	6 20	segments	6	segments	20	1	2268
6.5	7.5	7 20	segments	7	segments	20	1	2317
7.5	8.5	8 20	segments	8	segments	20	1	2366
8.5	9.5	9 20	segments	9	segments	20	1	2415
9.5	10.5	10 20	segments	10	segments	20	1	62
10.5	11.5	11 20	segments	11	segments	20	1	111
11.5	12.5	12 20	segments	12	segments	20	1	160
12.5	13.5	13 20	segments	13	segments	20	1	209
13.5	14.5	14 20	segments	14	segments	20	1	258
14.5	15.5	15 20	segments	15	segments	20	1	307
15.5	16.5	16 20	segments	16	segments	20	1	356
16.5	17.5	17 20	segments	17	segments	20	1	405
17.5	18.5	18 20	segments	18	segments	20	1	454
18.5	19.5	19 20	segments	19	segments	20	1	503
19.5	20.5	1	segments	20	segments	20	1	1
20.5	21.5	21 20	segments	21	segments	20	1	651
21.5	22.5	22 20	segments	22	segments	20	1	700
22.5	23.5	23 20	segments	23	segments	20	1	749
23.5	24.5	24 20	segments	24	segments	20	1	798
24.5	25.5	25 20	segments	25	segments	20	1	847
25.5	26.5	26 20	segments	26	segments	20	1	896
26.5	27.5	27 20	segments	27	segments	20	1	945
27.5	28.5	28 20	segments	28	segments	20	1	994
28.5	29.5	29 20	segments	29	segments	20	1	1043
29.5	30.5	30 20	segments	30	segments	20	1	1141
30.5	31.5	31 20	segments	31	segments	20	1	1190
31.5	32.5	32 20	segments	32	segments	20	1	1239
32.5	33.5	33 20	segments	33	segments	20	1	1288
33.5	34.5	34 20	segments	34	segments	20	1	1337
34.5	35.5	35 20	segments	35	segments	20	1	1386
35.5	36.5	36 20	segments	36	segments	20	1	1435
36.5	37.5	37 20	segments	37	segments	20	1	1484
37.5	38.5	38 20	segments	38	segments	20	1	1533
38.5	39.5	39 20	segments	39	segments	20	1	1582
39.5	40.5	40 20	segments	40	segments	20	1	1680
40.5	41.5	41 20	segments	41	segments	20	1	1729
41.5	42.5	42 20	segments	42	segments	20	1	1778
42.5	43.5	43 20	segments	43	segments	20	1	1827
43.5	44.5	44 20	segments	44	segments	20	1	1876
44.5	45.5	45 20	segments	45	segments	20	1	1925
45.5	46.5	46 20	segments	46	segments	20	1	1974
46.5	47.5	47 20	segments	47	segments	20	1	2023
47.5	48.5	48 20	segments	48	segments	20	1	2072
48.5	49.5	49 20	segments	49	segments	20	1	2121
49.5	50.5	50 20	segments	50	segments	20	1	2219
0.5	1.5	1 21	segments	1	segments	21	1	14
1.5	2.5	2 21	segments	2	segments	21	1	553
2.5	3.5	3 21	segments	3	segments	21	1	1093
3.5	4.5	4 21	segments	4	segments	21	1	1632
4.5	5.5	5 21	segments	5	segments	21	1	2171
5.5	6.5	6 21	segments	6	segments	21	1	2269
6.5	7.5	7 21	segments	7	segments	21	1	2318
7.5	8.5	8 21	segments	8	segments	21	1	2367
8.5	9.5	9 21	segments	9	segments	21	1	2416
9.5	10.5	10 21	segments	10	segments	21	1	63
10.5	11.5	11 21	segments	11	segments	21	1	112
11.5	12.5	12 21	segments	12	segments	21	1	161
12.5	13.5	13 21	segments	13	segments	21	1	210
13.5	14.5	14 21	segments	14	segments	21	1	259
14.5	15.5	15 21	segments	15	segments	21	1	308
15.5	16.5	16 21	segments	16	segments	21	1	357
16.5	17.5	17 21	segments	17	segments	21	1	406
17.5	18.5	18 21	segments	18	segments	21	1	455
18.5	19.5	19 21	segments	19	segments	21	1	504
19.5	20.5	20 21	segments	20	segments	21	1	602
20.5	21.5	1	segments	21	segments	21	1	1
21.5	22.5	22 21	segments	22	segments	21	1	701
22.5	23.5	23 21	segments	23	segments	21	1	750
23.5	24.5	24 21	segments	24	segments	21	1	799
24.5	25.5	25 21	segments	25	segments	21	1	848
25.5	26.5	26 21	segments	26	segments	21	1	897
26.5	27.5	27 21	segments	27	segments	21	1	946
27.5	28.5	28 21	segments	28	segments	21	1	995
28.5	29.5	29 21	segments	29	segments	21	1	1044
29.5	30.5	30 21	segments	30	segments	21	1	1142
30.5	31.5	31 21	segments	31	segments	21	1	1191
31.5	32.5	32 21	segments	32	segments	21	1	1240
32.5	33.5	33 21	segments	33	segments	21	1	1289
33.5	34.5	34 21	segments	34	segments	21	1	1338
34.5	35.5	35 21	segments	35	segments	21	1	1387
35.5	36.5	36 21	segments	36	segments	21	1	1436
36.5	37.5	37 21	segments	37	segments	21	1	1485
37.5	38.5	38 21	segments	38	segments	21	1	1534
38.5	39.5	39 21	segments	39	segments	21	1	1583
39.5	40.5	40 21	segments	40	segments	21	1	1681
40.5	41.5	41 21	segments	41	segments	21	1	1730
41.5	42.5	42 21	segments	42	segments	21	1	1779
42.5	43.5	43 21	segments	43	segments	21	1	1828
43.5	44.5	44 21	segments	44	segments	21	1	1877
44.5	45.5	45 21	segments	45	segments	21	1	1926
45.5	46.5	46 21	segments	46	segments	21	1	1975
46.5	47.5	47 21	segments	47	segments	21	1	2024
47.5	48.5	48 21	segments	48	segments	21	1	2073
48.5	49.5	49 21	segments	49	segments	21	1	2122
49.5	50.5	50 21	segments	50	segments	21	1	2220
0.5	1.5	1 22	segments	1	segments	22	1	15
1.5	2.5	2 22	segments	2	segments	22	1	554
2.5	3.5	3 22	segments	3	segments	22	1	1094
3.5	4.5	4 22	segments	4	segments	22	1	1633
4.5	5.5	5 22	segments	5	segments	22	1	2172
5.5	6.5	6 22	segments	6	segments	22	1	2270
6.5	7.5	7 22	segments	7	segments	22	1	2319
7.5	8.5	8 22	segments	8	segments	22	1	2368
8.5	9.5	9 22	segments	9	segments	22	1	2417
9.5	10.5	10 22	segments	10	segments	22	1	64
10.5	11.5	11 22	segments	11	segments	22	1	113
11.5	12.5	12 22	segments	12	segments	22	1	162
12.5	13.5	13 22	segments	13	segments	22	1	211
13.5	14.5	14 22	segments	14	segments	22	1	260
14.5	15.5	15 22	segments	15	segments	22	1	309
15.5	16.5	16 22	segments	16	segments	22	1	358
16.5	17.5	17 22	segments	17	segments	22	1	407
17.5	18.5	18 22	segments	18	segments	22	1	456
18.5	19.5	19 22	segments	19	segments	22	1	505
19.5	20.5	20 22	segments	20	segments	22	1	603
20.5	21.5	21 22	segments	21	segments	22	1	652
21.5	22.5	1	segments	22	segments	22	1	1
22.5	23.5	23 22	segments	23	segments	22	1	751
23.5	24.5	24 22	segments	24	segments	22	1	800
24.5	25.5	25 22	segments	25	segments	22	1	849
25.5	26.5	26 22	segments	26	segments	22	1	898
26.5	27.5	27 22	segments	27	segments	22	1	947
27.5	28.5	28 22	segments	28	segments	22	1	996
28.5	29.5	29 22	segments	29	segments	22	1	1045
29.5	30.5	30 22	segments	30	segments	22	1	1143
30.5	31.5	31 22	segments	31	segments	22	1	1192
31.5	32.5	32 22	segments	32	segments	22	1	1241
32.5	33.5	33 22	segments	33	segments	22	1	1290
33.5	34.5	34 22	segments	34	segments	22	1	1339
34.5	35.5	35 22	segments	35	segments	22	1	1388
35.5	36.5	36 22	segments	36	segments	22	1	1437
36.5	37.5	37 22	segments	37	segments	22	1	1486
37.5	38.5	38 22	segments	38	segments	22	1	1535
38.5	39.5	39 22	segments	39	segments	22	1	1584
39.5	40.5	40 22	segments	40	segments	22	1	1682
40.5	41.5	41 22	segments	41	segments	22	1	1731
41.5	42.5	42 22	segments	42	segments	22	1	1780
42.5	43.5	43 22	segments	43	segments	22	1	1829
43.5	44.5	44 22	segments	44	segments	22	1	1878
44.5	45.5	45 22	segments	45	segments	22	1	1927
45.5	46.5	46 22	segments	46	segments	22	1	1976
46.5	47.5	47 22	segments	47	segments	22	1	2025
47.5	48.5	48 22	segments	48	segments	22	1	2074
48.5	49.5	49 22	segments	49	segments	22	1	2123
49.5	50.5	50 22	segments	50	segments	22	1	2221
0.5	1.5	1 23	segments	1	segments	23	1	16
1.5	2.5	2 23	segments	2	segments	23	1	555
2.5	3.5	3 23	segments	3	segments	23	1	1095
3.5	4.5	4 23	segments	4	segments	23	1	1634
4.5	5.5	5 23	segments	5	segments	23	1	2173
5.5	6.5	6 23	segments	6	segments	23	1	2271
6.5	7.5	7 23	segments	7	segments	23	1	2320
7.5	8.5	8 23	segments	8	segments	23	1	2369
8.5	9.5	9 23	segments	9	segments	23	1	2418
9.5	10.5	10 23	segments	10	segments	23	1	65
10.5	11.5	11 23	segments	11	segments	23	1	114
11.5	12.5	12 23	segments	12	segments	23	1	163
12.5	13.5	13 23	segments	13	segments	23	1	212
13.5	14.5	14 23	segments	14	segments	23	1	261
14.5	15.5	15 23	segments	15	segments	23	1	310
15.5	16.5	16 23	segments	16	segments	23	1	359
16.5	17.5	17 23	segments	17	segments	23	1	408
17.5	18.5	18 23	segments	18	segments	23	1	457
18.5	19.5	19 23	segments	19	segments	23	1	506
19.5	20.5	20 23	segments	20	segments	23	1	604
20.5	21.5	21 23	segments	21	segments	23	1	653
21.5	22.5	22 23	segments	22	segments	23	1	702
22.5	23.5	1	segments	23	segments	23	1	1
23.5	24.5	24 23	segments	24	segments	23	1	801
24.5	25.5	25 23	segments	25	segments	23	1	850
25.5	26.5	26 23	segments	26	segments	23	1	899
26.5	27.5	27 23	segments	27	segments	23	1	948
27.5	28.5	28 23	segments	28	segments	23	1	997
28.5	29.5	29 23	segments	29	segments	23	1	1046
29.5	30.5	30 23	segments	30	segments	23	1	1144
30.5	31.5	31 23	segments	31	segments	23	1	1193
31.5	32.5	32 23	segments	32	segments	23	1	1242
32.5	33.5	33 23	segments	33	segments	23	1	1291
33.5	34.5	34 23	segments	34	segments	23	1	1340
34.5	35.5	35 23	segments	35	segments	23	1	1389
35.5	36.5	36 23	segments	36	segments	23	1	1438
36.5	37.5	37 23	segments	37	segments	23	1	1487
37.5	38.5	38 23	segments	38	segments	23	1	1536
38.5	39.5	39 23	segments	39	segments	23	1	1585
39.5	40.5	40 23	segments	40	segments	23	1	1683
40.5	41.5	41 23	segments	41	segments	23	1	1732
41.5	42.5	42 23	segments	42	segments	23	1	1781
42.5	43.5	43 23	segments	43	segments	23	1	1830
43.5	44.5	44 23	segments	44	segments	23	1	1879
44.5	45.5	45 23	segments	45	segments	23	1	1928
45.5	46.5	46 23	segments	46	segments	23	1	1977
46.5	47.5	47 23	segments	47	segments	23	1	2026
47.5	48.5	48 23	segments	48	segments	23	1	2075
48.5	49.5	49 23	segments	49	segments	23	1	2124
49.5	50.5	50 23	segments	50	segments	23	1	2222
0.5	1.5	1 24	segments	1	segments	24	1	17
1.5	2.5	2 24	segments	2	segments	24	1	556
2.5	3.5	3 24	segments	3	segments	24	1	1096
3.5	4.5	4 24	segments	4	segments	24	1	1635
4.5	5.5	5 24	segments	5	segments	24	1	2174
5.5	6.5	6 24	segments	6	segments	24	1	2272
6.5	7.5	7 24	segments	7	segments	24	1	2321
7.5	8.5	8 24	segments	8	segments	24	1	2370
8.5	9.5	9 24	segments	9	segments	24	1	2419
9.5	10.5	10 24	segments	10	segments	24	1	66
10.5	11.5	11 24	segments	11	segments	24	1	115
11.5	12.5	12 24	segments	12	segments	24	1	164
12.5	13.5	13 24	segments	13	segments	24	1	213
13.5	14.5	14 24	segments	14	segments	24	1	262
14.5	15.5	15 24	segments	15	segments	24	1	311
15.5	16.5	16 24	segments	16	segments	24	1	360
16.5	17.5	17 24	segments	17	segments	24	1	409
17.5	18.5	18 24	segments	18	segments	24	1	458
18.5	19.5	19 24	segments	19	segments	24	1	507
19.5	20.5	20 24	segments	20	segments	24	1	605
20.5	21.5	21 24	segments	21	segments	24	1	654
21.5	22.5	22 24	segments	22	segments	24	1	703
22.5	23.5	23 24	segments	23	segments	24	1	752
23.5	24.5	1	segments	24	segments	24	1	1
24.5	25.5	25 24	segments	25	segments	24	1	851
25.5	26.5	26 24	segments	26	segments	24	1	900
26.5	27.5	27 24	segments	27	segments	24	1	949
27.5	28.5	28 24	segments	28	segments	24	1	998
28.5	29.5	29 24	segments	29	segments	24	1	1047
29.5	30.5	30 24	segments	30	segments	24	1	1145
30.5	31.5	31 24	segments	31	segments	24	1	1194
31.5	32.5	32 24	segments	32	segments	24	1	1243
32.5	33.5	33 24	segments	33	segments	24	1	1292
33.5	34.5	34 24	segments	34	segments	24	1	1341
34.5	35.5	35 24	segments	35	segments	24	1	1390
35.5	36.5	36 24	segments	36	segments	24	1	1439
36.5	37.5	37 24	segments	37	segments	24	1	1488
37.5	38.5	38 24	segments	38	segments	24	1	1537
38.5	39.5	39 24	segments	39	segments	24	1	1586
39.5	40.5	40 24	segments	40	segments	24	1	1684
40.5	41.5	41 24	segments	41	segments	24	1	1733
41.5	42.5	42 24	segments	42	segments	24	1	1782
42.5	43.5	43 24	segments	43	segments	24	1	1831
43.5	44.5	44 24	segments	44	segments	24	1	1880
44.5	45.5	45 24	segments	45	segments	24	1	1929
45.5	46.5	46 24	segments	46	segments	24	1	1978
46.5	47.5	47 24	segments	47	segments	24	1	2027
47.5	48.5	48 24	segments	48	segments	24	1	2076
48.5	49.5	49 24	segments	49	segments	24	1	2125
49.5	50.5	50 24	segments	50	segments	24	1	2223
0.5	1.5	1 25	segments	1	segments	25	1	18
1.5	2.5	2 25	segments	2	segments	25	1	557
2.5	3.5	3 25	segments	3	segments	25	1	1097
3.5	4.5	4 25	segments	4	segments	25	1	1636
4.5	5.5	5 25	segments	5	segments	25	1	2175
5.5	6.5	6 25	segments	6	segments	25	1	2273
6.5	7.5	7 25	segments	7	segments	25	1	2322
7.5	8.5	8 25	segments	8	segments	25	1	2371
8.5	9.5	9 25	segments	9	segments	25	1	2420
9.5	10.5	10 25	segments	10	segments	25	1	67
10.5	11.5	11 25	segments	11	segments	25	1	116
11.5	12.5	12 25	segments	12	segments	25	1	165
12.5	13.5	13 25	segments	13	segments	25	1	214
13.5	14.5	14 25	segments	14	segments	25	1	263
14.5	15.5	15 25	segments	15	segments	25	1	312
15.5	16.5	16 25	segments	16	segments	25	1	361
16.5	17.5	17 25	segments	17	segments	25	1	410
17.5	18.5	18 25	segments	18	segments	25	1	459
18.5	19.5	19 25	segments	19	segments	25	1	508
19.5	20.5	20 25	segments	20	segments	25	1	606
20.5	21.5	21 25	segments	21	segments	25	1	655
21.5	22.5	22 25	segments	22	segments	25	1	704
22.5	23.5	23 25	segments	23	segments	25	1	753
23.5	24.5	24 25	segments	24	segments	25	1	802
24.5	25.5	1	segments	25	segments	25	1	1
25.5	26.5	26 25	segments	26	segments	25	1	901
26.5	27.5	27 25	segments	27	segments	25	1	950
27.5	28.5	28 25	segments	28	segments	25	1	999
28.5	29.5	29 25	segments	29	segments	25	1	1048
29.5	30.5	30 25	segments	30	segments	25	1	1146
30.5	31.5	31 25	segments	31	segments	25	1	1195
31.5	32.5	32 25	segments	32	segments	25	1	1244
32.5	33.5	33 25	segments	33	segments	25	1	1293
33.5	34.5	34 25	segments	34	segments	25	1	1342
34.5	35.5	35 25	segments	35	segments	25	1	1391
35.5	36.5	36 25	segments	36	segments	25	1	1440
36.5	37.5	37 25	segments	37	segments	25	1	1489
37.5	38.5	38 25	segments	38	segments	25	1	1538
38.5	39.5	39 25	segments	39	segments	25	1	1587
39.5	40.5	40 25	segments	40	segments	25	1	1685
40.5	41.5	41 25	segments	41	segments	25	1	1734
41.5	42.5	42 25	segments	42	segments	25	1	1783
42.5	43.5	43 25	segments	43	segments	25	1	1832
43.5	44.5	44 25	segments	44	segments	25	1	1881
44.5	45.5	45 25	segments	45	segments	25	1	1930
45.5	46.5	46 25	segments	46	segments	25	1	1979
46.5	47.5	47 25	segments	47	segments	25	1	2028
47.5	48.5	48 25	segments	48	segments	25	1	2077
48.5	49.5	49 25	segments	49	segments	25	1	2126
49.5	50.5	50 25	segments	50	segments	25	1	2224
0.5	1.5	1 26	segments	1	segments	26	1	19
1.5	2.5	2 26	segments	2	segments	26	1	558
2.5	3.5	3 26	segments	3	segments	26	1	1098
3.5	4.5	4 26	segments	4	segments	26	1	1637
4.5	5.5	5 26	segments	5	segments	26	1	2176
5.5	6.5	6 26	segments	6	segments	26	1	2274
6.5	7.5	7 26	segments	7	segments	26	1	2323
7.5	8.5	8 26	segments	8	segments	26	1	2372
8.5	9.5	9 26	segments	9	segments	26	1	2421
9.5	10.5	10 26	segments	10	segments	26	1	68
10.5	11.5	11 26	segments	11	segments	26	1	117
11.5	12.5	12 26	segments	12	segments	26	1	166
12.5	13.5	13 26	segments	13	segments	26	1	215
13.5	14.5	14 26	segments	14	segments	26	1	264
14.5	15.5	15 26	segments	15	segments	26	1	313
15.5	16.5	16 26	segments	16	segments	26	1	362
16.5	17.5	17 26	segments	17	segments	26	1	411
17.5	18.5	18 26	segments	18	segments	26	1	460
18.5	19.5	19 26	segments	19	segments	26	1	509
19.5	20.5	20 26	segments	20	segments	26	1	607
20.5	21.5	21 26	segments	21	segments	26	1	656
21.5	22.5	22 26	segments	22	segments	26	1	705
22.5	23.5	23 26	segments	23	segments	26	1	754
23.5	24.5	24 26	segments	24	segments	26	1	803
24.5	25.5	25 26	segments	25	segments	26	1	852
25.5	26.5	1	segments	26	segments	26	1	1
26.5	27.5	27 26	segments	27	segments	26	1	951
27.5	28.5	28 26	segments	28	segments	26	1	1000
28.5	29.5	29 26	segments	29	segments	26	1	1049
29.5	30.5	30 26	segments	30	segments	26	1	1147
30.5	31.5	31 26	segments	31	segments	26	1	1196
31.5	32.5	32 26	segments	32	segments	26	1	1245
32.5	33.5	33 26	segments	33	segments	26	1	1294
33.5	34.5	34 26	segments	34	segments	26	1	1343
34.5	35.5	35 26	segments	35	segments	26	1	1392
35.5	36.5	36 26	segments	36	segments	26	1	1441
36.5	37.5	37 26	segments	37	segments	26	1	1490
37.5	38.5	38 26	segments	38	segments	26	1	1539
38.5	39.5	39 26	segments	39	segments	26	1	1588
39.5	40.5	40 26	segments	40	segments	26	1	1686
40.5	41.5	41 26	segments	41	segments	26	1	1735
41.5	42.5	42 26	segments	42	segments	26	1	1784
42.5	43.5	43 26	segments	43	segments	26	1	1833
43.5	44.5	44 26	segments	44	segments	26	1	1882
44.5	45.5	45 26	segments	45	segments	26	1	1931
45.5	46.5	46 26	segments	46	segments	26	1	1980
46.5	47.5	47 26	segments	47	segments	26	1	2029
47.5	48.5	48 26	segments	48	segments	26	1	2078
48.5	49.5	49 26	segments	49	segments	26	1	2127
49.5	50.5	50 26	segments	50	segments	26	1	2225
0.5	1.5	1 27	segments	1	segments	27	1	20
1.5	2.5	2 27	segments	2	segments	27	1	559
2.5	3.5	3 27	segments	3	segments	27	1	1099
3.5	4.5	4 27	segments	4	segments	27	1	1638
4.5	5.5	5 27	segments	5	segments	27	1	2177
5.5	6.5	6 27	segments	6	segments	27	1	2275
6.5	7.5	7 27	segments	7	segments	27	1	2324
7.5	8.5	8 27	segments	8	segments	27	1	2373
8.5	9.5	9 27	segments	9	segments	27	1	2422
9.5	10.5	10 27	segments	10	segments	27	1	69
10.5	11.5	11 27	segments	11	segments	27	1	118
11.5	12.5	12 27	segments	12	segments	27	1	167
12.5	13.5	13 27	segments	13	segments	27	1	216
13.5	14.5	14 27	segments	14	segments	27	1	265
14.5	15.5	15 27	segments	15	segments	27	1	314
15.5	16.5	16 27	segments	16	segments	27	1	363
16.5	17.5	17 27	segments	17	segments	27	1	412
17.5	18.5	18 27	segments	18	segments	27	1	461
18.5	19.5	19 27	segments	19	segments	27	1	510
19.5	20.5	20 27	segments	20	segments	27	1	608
20.5	21.5	21 27	segments	21	segments	27	1	657
21.5	22.5	22 27	segments	22	segments	27	1	706
22.5	23.5	23 27	segments	23	segments	27	1	755
23.5	24.5	24 27	segments	24	segments	27	1	804
24.5	25.5	25 27	segments	25	segments	27	1	853
25.5	26.5	26 27	segments	26	segments	27	1	902
26.5	27.5	1	segments	27	segments	27	1	1
27.5	28.5	28 27	segments	28	segments	27	1	1001
28.5	29.5	29 27	segments	29	segments	27	1	1050
29.5	30.5	30 27	segments	30	segments	27	1	1148
30.5	31.5	31 27	segments	31	segments	27	1	1197
31.5	32.5	32 27	segments	32	segments	27	1	1246
32.5	33.5	33 27	segments	33	segments	27	1	1295
33.5	34.5	34 27	segments	34	segments	27	1	1344
34.5	35.5	35 27	segments	35	segments	27	1	1393
35.5	36.5	36 27	segments	36	segments	27	1	1442
36.5	37.5	37 27	segments	37	segments	27	1	1491
37.5	38.5	38 27	segments	38	segments	27	1	1540
38.5	39.5	39 27	segments	39	segments	27	1	1589
39.5	40.5	40 27	segments	40	segments	27	1	1687
40.5	41.5	41 27	segments	41	segments	27	1	1736
41.5	42.5	42 27	segments	42	segments	27	1	1785
42.5	43.5	43 27	segments	43	segments	27	1	1834
43.5	44.5	44 27	segments	44	segments	27	1	1883
44.5	45.5	45 27	segments	45	segments	27	1	1932
45.5	46.5	46 27	segments	46	segments	27	1	1981
46.5	47.5	47 27	segments	47	segments	27	1	2030
47.5	48.5	48 27	segments	48	segments	27	1	2079
48.5	49.5	49 27	segments	49	segments	27	1	2128
49.5	50.5	50 27	segments	50	segments	27	1	2226
0.5	1.5	1 28	segments	1	segments	28	1	21
1.5	2.5	2 28	segments	2	segments	28	1	560
2.5	3.5	3 28	segments	3	segments	28	1	1100
3.5	4.5	4 28	segments	4	segments	28	1	1639
4.5	5.5	5 28	segments	5	segments	28	1	2178
5.5	6.5	6 28	segments	6	segments	28	1	2276
6.5	7.5	7 28	segments	7	segments	28	1	2325
7.5	8.5	8 28	segments	8	segments	28	1	2374
8.5	9.5	9 28	segments	9	segments	28	1	2423
9.5	10.5	10 28	segments	10	segments	28	1	70
10.5	11.5	11 28	segments	11	segments	28	1	119
11.5	12.5	12 28	segments	12	segments	28	1	168
12.5	13.5	13 28	segments	13	segments	28	1	217
13.5	14.5	14 28	segments	14	segments	28	1	266
14.5	15.5	15 28	segments	15	segments	28	1	315
15.5	16.5	16 28	segments	16	segments	28	1	364
16.5	17.5	17 28	segments	17	segments	28	1	413
17.5	18.5	18 28	segments	18	segments	28	1	462
18.5	19.5	19 28	segments	19	segments	28	1	511
19.5	20.5	20 28	segments	20	segments	28	1	609
20.5	21.5	21 28	segments	21	segments	28	1	658
21.5	22.5	22 28	segments	22	segments	28	1	707
22.5	23.5	23 28	segments	23	segments	28	1	756
23.5	24.5	24 28	segments	24	segments	28	1	805
24.5	25.5	25 28	segments	25	segments	28	1	854
25.5	26.5	26 28	segments	26	segments	28	1	903
26.5	27.5	27 28	segments	27	segments	28	1	952
27.5	28.5	1	segments	28	segments	28	1	1
28.5	29.5	29 28	segments	29	segments	28	1	1051
29.5	30.5	30 28	segments	30	segments	28	1	1149
30.5	31.5	31 28	segments	31	segments	28	1	1198
31.5	32.5	32 28	segments	32	segments	28	1	1247
32.5	33.5	33 28	segments	33	segments	28	1	1296
33.5	34.5	34 28	segments	34	segments	28	1	1345
34.5	35.5	35 28	segments	35	segments	28	1	1394
35.5	36.5	36 28	segments	36	segments	28	1	1443
36.5	37.5	37 28	segments	37	segments	28	1	1492
37.5	38.5	38 28	segments	38	segments	28	1	1541
38.5	39.5	39 28	segments	39	segments	28	1	1590
39.5	40.5	40 28	segments	40	segments	28	1	1688
40.5	41.5	41 28	segments	41	segments	28	1	1737
41.5	42.5	42 28	segments	42	segments	28	1	1786
42.5	43.5	43 28	segments	43	segments	28	1	1835
43.5	44.5	44 28	segments	44	segments	28	1	1884
44.5	45.5	45 28	segments	45	segments	28	1	1933
45.5	46.5	46 28	segments	46	segments	28	1	1982
46.5	47.5	47 28	segments	47	segments	28	1	2031
47.5	48.5	48 28	segments	48	segments	28	1	2080
48.5	49.5	49 28	segments	49	segments	28	1	2129
49.5	50.5	50 28	segments	50	segments	28	1	2227
0.5	1.5	1 29	segments	1	segments	29	1	22
1.5	2.5	2 29	segments	2	segments	29	1	561
2.5	3.5	3 29	segments	3	segments	29	1	1101
3.5	4.5	4 29	segments	4	segments	29	1	1640
4.5	5.5	5 29	segments	5	segments	29	1	2179
5.5	6.5	6 29	segments	6	segments	29	1	2277
6.5	7.5	7 29	segments	7	segments	29	1	2326
7.5	8.5	8 29	segments	8	segments	29	1	2375
8.5	9.5	9 29	segments	9	segments	29	1	2424
9.5	10.5	10 29	segments	10	segments	29	1	71
10.5	11.5	11 29	segments	11	segments	29	1	120
11.5	12.5	12 29	segments	12	segments	29	1	169
12.5	13.5	13 29	segments	13	segments	29	1	218
13.5	14.5	14 29	segments	14	segments	29	1	267
14.5	15.5	15 29	segments	15	segments	29	1	316
15.5	16.5	16 29	segments	16	segments	29	1	365
16.5	17.5	17 29	segments	17	segments	29	1	414
17.5	18.5	18 29	segments	18	segments	29	1	463
18.5	19.5	19 29	segments	19	segments	29	1	512
19.5	20.5	20 29	segments	20	segments	29	1	610
20.5	21.5	21 29	segments	21	segments	29	1	659
21.5	22.5	22 29	segments	22	segments	29	1	708
22.5	23.5	23 29	segments	23	segments	29	1	757
23.5	24.5	24 29	segments	24	segments	29	1	806
24.5	25.5	25 29	segments	25	segments	29	1	855
25.5	26.5	26 29	segments	26	segments	29	1	904
26.5	27.5	27 29	segments	27	segments	29	1	953
27.5	28.5	28 29	segments	28	segments	29	1	1002
28.5	29.5	1	segments	29	segments	29	1	1
29.5	30.5	30 29	segments	30	segments	29	1	1150
30.5	31.5	31 29	segments	31	segments	29	1	1199
31.5	32.5	32 29	segments	32	segments	29	1	1248
32.5	33.5	33 29	segments	33	segments	29	1	1297
33.5	34.5	34 29	segments	34	segments	29	1	1346
34.5	35.5	35 29	segments	35	segments	29	1	1395
35.5	36.5	36 29	segments	36	segments	29	1	1444
36.5	37.5	37 29	segments	37	segments	29	1	1493
37.5	38.5	38 29	segments	38	segments	29	1	1542
38.5	39.5	39 29	segments	39	segments	29	1	1591
39.5	40.5	40 29	segments	40	segments	29	1	1689
40.5	41.5	41 29	segments	41	segments	29	1	1738
41.5	42.5	42 29	segments	42	segments	29	1	1787
42.5	43.5	43 29	segments	43	segments	29	1	1836
43.5	44.5	44 29	segments	44	segments	29	1	1885
44.5	45.5	45 29	segments	45	segments	29	1	1934
45.5	46.5	46 29	segments	46	segments	29	1	1983
46.5	47.5	47 29	segments	47	segments	29	1	2032
47.5	48.5	48 29	segments	48	segments	29	1	2081
48.5	49.5	49 29	segments	49	segments	29	1	2130
49.5	50.5	50 29	segments	50	segments	29	1	2228
0.5	1.5	1 30	segments	1	segments	30	1	24
1.5	2.5	2 30	segments	2	segments	30	1	563
2.5	3.5	3 30	segments	3	segments	30	1	1102
3.5	4.5	4 30	segments	4	segments	30	1	1642
4.5	5.5	5 30	segments	5	segments	30	1	2181
5.5	6.5	6 30	segments	6	segments	30	1	2279
6.5	7.5	7 30	segments	7	segments	30	1	2328
7.5	8.5	8 30	segments	8	segments	30	1	2377
8.5	9.5	9 30	segments	9	segments	30	1	2426
9.5	10.5	10 30	segments	10	segments	30	1	73
10.5	11.5	11 30	segments	11	segments	30	1	122
11.5	12.5	12 30	segments	12	segments	30	1	171
12.5	13.5	13 30	segments	13	segments	30	1	220
13.5	14.5	14 30	segments	14	segments	30	1	269
14.5	15.5	15 30	segments	15	segments	30	1	318
15.5	16.5	16 30	segments	16	segments	30	1	367
16.5	17.5	17 30	segments	17	segments	30	1	416
17.5	18.5	18 30	segments	18	segments	30	1	465
18.5	19.5	19 30	segments	19	segments	30	1	514
19.5	20.5	20 30	segments	20	segments	30	1	612
20.5	21.5	21 30	segments	21	segments	30	1	661
21.5	22.5	22 30	segments	22	segments	30	1	710
22.5	23.5	23 30	segments	23	segments	30	1	759
23.5	24.5	24 30	segments	24	segments	30	1	808
24.5	25.5	25 30	segments	25	segments	30	1	857
25.5	26.5	26 30	segments	26	segments	30	1	906
26.5	27.5	27 30	segments	27	segments	30	1	955
27.5	28.5	28 30	segments	28	segments	30	1	1004
28.5	29.5	29 30	segments	29	segments	30	1	1053
29.5	30.5	1	segments	30	segments	30	1	1
30.5	31.5	31 30	segments	31	segments	30	1	1201
31.5	32.5	32 30	segments	32	segments	30	1	1250
32.5	33.5	33 30	segments	33	segments	30	1	1299
33.5	34.5	34 30	segments	34	segments	30	1	1348
34.5	35.5	35 30	segments	35	segments	30	1	1397
35.5	36.5	36 30	segments	36	segments	30	1	1446
36.5	37.5	37 30	segments	37	segments	30	1	1495
37.5	38.5	38 30	segments	38	segments	30	1	1544
38.5	39.5	39 30	segments	39	segments	30	1	1593
39.5	40.5	40 30	segments	40	segments	30	1	1691
40.5	41.5	41 30	segments	41	segments	30	1	1740
41.5	42.5	42 30	segments	42	segments	30	1	1789
42.5	43.5	43 30	segments	43	segments	30	1	1838
43.5	44.5	44 30	segments	44	segments	30	1	1887
44.5	45.5	45 30	segments	45	segments	30	1	1936
45.5	46.5	46 30	segments	46	segments	30	1	1985
46.5	47.5	47 30	segments	47	segments	30	1	2034
47.5	48.5	48 30	segments	48	segments	30	1	2083
48.5	49.5	49 30	segments	49	segments	30	1	2132
49.5	50.5	50 30	segments	50	segments	30	1	2230
0.5	1.5	1 31	segments	1	segments	31	1	25
1.5	2.5	2 31	segments	2	segments	31	1	564
2.5	3.5	3 31	segments	3	segments	31	1	1103
3.5	4.5	4 31	segments	4	segments	31	1	1643
4.5	5.5	5 31	segments	5	segments	31	1	2182
5.5	6.5	6 31	segments	6	segments	31	1	2280
6.5	7.5	7 31	segments	7	segments	31	1	2329
7.5	8.5	8 31	segments	8	segments	31	1	2378
8.5	9.5	9 31	segments	9	segments	31	1	2427
9.5	10.5	10 31	segments	10	segments	31	1	74
10.5	11.5	11 31	segments	11	segments	31	1	123
11.5	12.5	12 31	segments	12	segments	31	1	172
12.5	13.5	13 31	segments	13	segments	31	1	221
13.5	14.5	14 31	segments	14	segments	31	1	270
14.5	15.5	15 31	segments	15	segments	31	1	319
15.5	16.5	16 31	segments	16	segments	31	1	368
16.5	17.5	17 31	segments	17	segments	31	1	417
17.5	18.5	18 31	segments	18	segments	31	1	466
18.5	19.5	19 31	segments	19	segments	31	1	515
19.5	20.5	20 31	segments	20	segments	31	1	613
20.5	21.5	21 31	segments	21	segments	31	1	662
21.5	22.5	22 31	segments	22	segments	31	1	711
22.5	23.5	23 31	segments	23	segments	31	1	760
23.5	24.5	24 31	segments	24	segments	31	1	809
24.5	25.5	25 31	segments	25	segments	31	1	858
25.5	26.5	26 31	segments	26	segments	31	1	907
26.5	27.5	27 31	segments	27	segments	31	1	956
27.5	28.5	28 31	segments	28	segments	31	1	1005
28.5	29.5	29 31	segments	29	segments	31	1	1054
29.5	30.5	30 31	segments	30	segments	31	1	1152
30.5	31.5	1	segments	31	segments	31	1	1
31.5	32.5	32 31	segments	32	segments	31	1	1251
32.5	33.5	33 31	segments	33	segments	31	1	1300
33.5	34.5	34 31	segments	34	segments	31	1	1349
34.5	35.5	35 31	segments	35	segments	31	1	1398
35.5	36.5	36 31	segments	36	segments	31	1	1447
36.5	37.5	37 31	segments	37	segments	31	1	1496
37.5	38.5	38 31	segments	38	segments	31	1	1545
38.5	39.5	39 31	segments	39	segments	31	1	1594
39.5	40.5	40 31	segments	40	segments	31	1	1692
40.5	41.5	41 31	segments	41	segments	31	1	1741
41.5	42.5	42 31	segments	42	segments	31	1	1790
42.5	43.5	43 31	segments	43	segments	31	1	1839
43.5	44.5	44 31	segments	44	segments	31	1	1888
44.5	45.5	45 31	segments	45	segments	31	1	1937
45.5	46.5	46 31	segments	46	segments	31	1	1986
46.5	47.5	47 31	segments	47	segments	31	1	2035
47.5	48.5	48 31	segments	48	segments	31	1	2084
48.5	49.5	49 31	segments	49	segments	31	1	2133
49.5	50.5	50 31	segments	50	segments	31	1	2231
0.5	1.5	1 32	segments	1	segments	32	1	26
1.5	2.5	2 32	segments	2	segments	32	1	565
2.5	3.5	3 32	segments	3	segments	32	1	1104
3.5	4.5	4 32	segments	4	segments	32	1	1644
4.5	5.5	5 32	segments	5	segments	32	1	2183
5.5	6.5	6 32	segments	6	segments	32	1	2281
6.5	7.5	7 32	segments	7	segments	32	1	2330
7.5	8.5	8 32	segments	8	segments	32	1	2379
8.5	9.5	9 32	segments	9	segments	32	1	2428
9.5	10.5	10 32	segments	10	segments	32	1	75
10.5	11.5	11 32	segments	11	segments	32	1	124
11.5	12.5	12 32	segments	12	segments	32	1	173
12.5	13.5	13 32	segments	13	segments	32	1	222
13.5	14.5	14 32	segments	14	segments	32	1	271
14.5	15.5	15 32	segments	15	segments	32	1	320
15.5	16.5	16 32	segments	16	segments	32	1	369
16.5	17.5	17 32	segments	17	segments	32	1	418
17.5	18.5	18 32	segments	18	segments	32	1	467
18.5	19.5	19 32	segments	19	segments	32	1	516
19.5	20.5	20 32	segments	20	segments	32	1	614
20.5	21.5	21 32	segments	21	segments	32	1	663
21.5	22.5	22 32	segments	22	segments	32	1	712
22.5	23.5	23 32	segments	23	segments	32	1	761
23.5	24.5	24 32	segments	24	segments	32	1	810
24.5	25.5	25 32	segments	25	segments	32	1	859
25.5	26.5	26 32	segments	26	segments	32	1	908
26.5	27.5	27 32	segments	27	segments	32	1	957
27.5	28.5	28 32	segments	28	segments	32	1	1006
28.5	29.5	29 32	segments	29	segments	32	1	1055
29.5	30.5	30 32	segments	30	segments	32	1	1153
30.5	31.5	31 32	segments	31	segments	32	1	1202
31.5	32.5	1	segments	32	segments	32	1	1
32.5	33.5	33 32	segments	33	segments	32	1	1301
33.5	34.5	34 32	segments	34	segments	32	1	1350
34.5	35.5	35 32	segments	35	segments	32	1	1399
35.5	36.5	36 32	segments	36	segments	32	1	1448
36.5	37.5	37 32	segments	37	segments	32	1	1497
37.5	38.5	38 32	segments	38	segments	32	1	1546
38.5	39.5	39 32	segments	39	segments	32	1	1595
39.5	40.5	40 32	segments	40	segments	32	1	1693
40.5	41.5	41 32	segments	41	segments	32	1	1742
41.5	42.5	42 32	segments	42	segments	32	1	1791
42.5	43.5	43 32	segments	43	segments	32	1	1840
43.5	44.5	44 32	segments	44	segments	32	1	1889
44.5	45.5	45 32	segments	45	segments	32	1	1938
45.5	46.5	46 32	segments	46	segments	32	1	1987
46.5	47.5	47 32	segments	47	segments	32	1	2036
47.5	48.5	48 32	segments	48	segments	32	1	2085
48.5	49.5	49 32	segments	49	segments	32	1	2134
49.5	50.5	50 32	segments	50	segments	32	1	2232
0.5	1.5	1 33	segments	1	segments	33	1	27
1.5	2.5	2 33	segments	2	segments	33	1	566
2.5	3.5	3 33	segments	3	segments	33	1	1105
3.5	4.5	4 33	segments	4	segments	33	1	1645
4.5	5.5	5 33	segments	5	segments	33	1	2184
5.5	6.5	6 33	segments	6	segments	33	1	2282
6.5	7.5	7 33	segments	7	segments	33	1	2331
7.5	8.5	8 33	segments	8	segments	33	1	2380
8.5	9.5	9 33	segments	9	segments	33	1	2429
9.5	10.5	10 33	segments	10	segments	33	1	76
10.5	11.5	11 33	segments	11	segments	33	1	125
11.5	12.5	12 33	segments	12	segments	33	1	174
12.5	13.5	13 33	segments	13	segments	33	1	223
13.5	14.5	14 33	segments	14	segments	33	1	272
14.5	15.5	15 33	segments	15	segments	33	1	321
15.5	16.5	16 33	segments	16	segments	33	1	370
16.5	17.5	17 33	segments	17	segments	33	1	419
17.5	18.5	18 33	segments	18	segments	33	1	468
18.5	19.5	19 33	segments	19	segments	33	1	517
19.5	20.5	20 33	segments	20	segments	33	1	615
20.5	21.5	21 33	segments	21	segments	33	1	664
21.5	22.5	22 33	segments	22	segments	33	1	713
22.5	23.5	23 33	segments	23	segments	33	1	762
23.5	24.5	24 33	segments	24	segments	33	1	811
24.5	25.5	25 33	segments	25	segments	33	1	860
25.5	26.5	26 33	segments	26	segments	33	1	909
26.5	27.5	27 33	segments	27	segments	33	1	958
27.5	28.5	28 33	segments	28	segments	33	1	1007
28.5	29.5	29 33	segments	29	segments	33	1	1056
29.5	30.5	30 33	segments	30	segments	33	1	1154
30.5	31.5	31 33	segments	31	segments	33	1	1203
31.5	32.5	32 33	segments	32	segments	33	1	1252
32.5	33.5	1	segments	33	segments	33	1	1
33.5	34.5	34 33	segments	34	segments	33	1	1351
34.5	35.5	35 33	segments	35	segments	33	1	1400
35.5	36.5	36 33	segments	36	segments	33	1	1449
36.5	37.5	37 33	segments	37	segments	33	1	1498
37.5	38.5	38 33	segments	38	segments	33	1	1547
38.5	39.5	39 33	segments	39	segments	33	1	1596
39.5	40.5	40 33	segments	40	segments	33	1	1694
40.5	41.5	41 33	segments	41	segments	33	1	1743
41.5	42.5	42 33	segments	42	segments	33	1	1792
42.5	43.5	43 33	segments	43	segments	33	1	1841
43.5	44.5	44 33	segments	44	segments	33	1	1890
44.5	45.5	45 33	segments	45	segments	33	1	1939
45.5	46.5	46 33	segments	46	segments	33	1	1988
46.5	47.5	47 33	segments	47	segments	33	1	2037
47.5	48.5	48 33	segments	48	segments	33	1	2086
48.5	49.5	49 33	segments	49	segments	33	1	2135
49.5	50.5	50 33	segments	50	segments	33	1	2233
0.5	1.5	1 34	segments	1	segments	34	1	28
1.5	2.5	2 34	segments	2	segments	34	1	567
2.5	3.5	3 34	segments	3	segments	34	1	1106
3.5	4.5	4 34	segments	4	segments	34	1	1646
4.5	5.5	5 34	segments	5	segments	34	1	2185
5.5	6.5	6 34	segments	6	segments	34	1	2283
6.5	7.5	7 34	segments	7	segments	34	1	2332
7.5	8.5	8 34	segments	8	segments	34	1	2381
8.5	9.5	9 34	segments	9	segments	34	1	2430
9.5	10.5	10 34	segments	10	segments	34	1	77
10.5	11.5	11 34	segments	11	segments	34	1	126
11.5	12.5	12 34	segments	12	segments	34	1	175
12.5	13.5	13 34	segments	13	segments	34	1	224
13.5	14.5	14 34	segments	14	segments	34	1	273
14.5	15.5	15 34	segments	15	segments	34	1	322
15.5	16.5	16 34	segments	16	segments	34	1	371
16.5	17.5	17 34	segments	17	segments	34	1	420
17.5	18.5	18 34	segments	18	segments	34	1	469
18.5	19.5	19 34	segments	19	segments	34	1	518
19.5	20.5	20 34	segments	20	segments	34	1	616
20.5	21.5	21 34	segments	21	segments	34	1	665
21.5	22.5	22 34	segments	22	segments	34	1	714
22.5	23.5	23 34	segments	23	segments	34	1	763
23.5	24.5	24 34	segments	24	segments	34	1	812
24.5	25.5	25 34	segments	25	segments	34	1	861
25.5	26.5	26 34	segments	26	segments	34	1	910
26.5	27.5	27 34	segments	27	segments	34	1	959
27.5	28.5	28 34	segments	28	segments	34	1	1008
28.5	29.5	29 34	segments	29	segments	34	1	1057
29.5	30.5	30 34	segments	30	segments	34	1	1155
30.5	31.5	31 34	segments	31	segments	34	1	1204
31.5	32.5	32 34	segments	32	segments	34	1	1253
32.5	33.5	33 34	segments	33	segments	34	1	1302
33.5	34.5	1	segments	34	segments	34	1	1
34.5	35.5	35 34	segments	35	segments	34	1	1401
35.5	36.5	36 34	segments	36	segments	34	1	1450
36.5	37.5	37 34	segments	37	segments	34	1	1499
37.5	38.5	38 34	segments	38	segments	34	1	1548
38.5	39.5	39 34	segments	39	segments	34	1	1597
39.5	40.5	40 34	segments	40	segments	34	1	1695
40.5	41.5	41 34	segments	41	segments	34	1	1744
41.5	42.5	42 34	segments	42	segments	34	1	1793
42.5	43.5	43 34	segments	43	segments	34	1	1842
43.5	44.5	44 34	segments	44	segments	34	1	1891
44.5	45.5	45 34	segments	45	segments	34	1	1940
45.5	46.5	46 34	segments	46	segments	34	1	1989
46.5	47.5	47 34	segments	47	segments	34	1	2038
47.5	48.5	48 34	segments	48	segments	34	1	2087
48.5	49.5	49 34	segments	49	segments	34	1	2136
49.5	50.5	50 34	segments	50	segments	34	1	2234
0.5	1.5	1 35	segments	1	segments	35	1	29
1.5	2.5	2 35	segments	2	segments	35	1	568
2.5	3.5	3 35	segments	3	segments	35	1	1107
3.5	4.5	4 35	segments	4	segments	35	1	1647
4.5	5.5	5 35	segments	5	segments	35	1	2186
5.5	6.5	6 35	segments	6	segments	35	1	2284
6.5	7.5	7 35	segments	7	segments	35	1	2333
7.5	8.5	8 35	segments	8	segments	35	1	2382
8.5	9.5	9 35	segments	9	segments	35	1	2431
9.5	10.5	10 35	segments	10	segments	35	1	78
10.5	11.5	11 35	segments	11	segments	35	1	127
11.5	12.5	12 35	segments	12	segments	35	1	176
12.5	13.5	13 35	segments	13	segments	35	1	225
13.5	14.5	14 35	segments	14	segments	35	1	274
14.5	15.5	15 35	segments	15	segments	35	1	323
15.5	16.5	16 35	segments	16	segments	35	1	372
16.5	17.5	17 35	segments	17	segments	35	1	421
17.5	18.5	18 35	segments	18	segments	35	1	470
18.5	19.5	19 35	segments	19	segments	35	1	519
19.5	20.5	20 35	segments	20	segments	35	1	617
20.5	21.5	21 35	segments	21	segments	35	1	666
21.5	22.5	22 35	segments	22	segments	35	1	715
22.5	23.5	23 35	segments	23	segments	35	1	764
23.5	24.5	24 35	segments	24	segments	35	1	813
24.5	25.5	25 35	segments	25	segments	35	1	862
25.5	26.5	26 35	segments	26	segments	35	1	911
26.5	27.5	27 35	segments	27	segments	35	1	960
27.5	28.5	28 35	segments	28	segments	35	1	1009
28.5	29.5	29 35	segments	29	segments	35	1	1058
29.5	30.5	30 35	segments	30	segments	35	1	1156
30.5	31.5	31 35	segments	31	segments	35	1	1205
31.5	32.5	32 35	segments	32	segments	35	1	1254
32.5	33.5	33 35	segments	33	segments	35	1	1303
33.5	34.5	34 35	segments	34	segments	35	1	1352
34.5	35.5	1	segments	35	segments	35	1	1
35.5	36.5	36 35	segments	36	segments	35	1	1451
36.5	37.5	37 35	segments	37	segments	35	1	1500
37.5	38.5	38 35	segments	38	segments	35	1	1549
38.5	39.5	39 35	segments	39	segments	35	1	1598
39.5	40.5	40 35	segments	40	segments	35	1	1696
40.5	41.5	41 35	segments	41	segments	35	1	1745
41.5	42.5	42 35	segments	42	segments	35	1	1794
42.5	43.5	43 35	segments	43	segments	35	1	1843
43.5	44.5	44 35	segments	44	segments	35	1	1892
44.5	45.5	45 35	segments	45	segments	35	1	1941
45.5	46.5	46 35	segments	46	segments	35	1	1990
46.5	47.5	47 35	segments	47	segments	35	1	2039
47.5	48.5	48 35	segments	48	segments	35	1	2088
48.5	49.5	49 35	segments	49	segments	35	1	2137
49.5	50.5	50 35	segments	50	segments	35	1	2235
0.5	1.5	1 36	segments	1	segments	36	1	30
1.5	2.5	2 36	segments	2	segments	36	1	569
2.5	3.5	3 36	segments	3	segments	36	1	1108
3.5	4.5	4 36	segments	4	segments	36	1	1648
4.5	5.5	5 36	segments	5	segments	36	1	2187
5.5	6.5	6 36	segments	6	segments	36	1	2285
6.5	7.5	7 36	segments	7	segments	36	1	2334
7.5	8.5	8 36	segments	8	segments	36	1	2383
8.5	9.5	9 36	segments	9	segments	36	1	2432
9.5	10.5	10 36	segments	10	segments	36	1	79
10.5	11.5	11 36	segments	11	segments	36	1	128
11.5	12.5	12 36	segments	12	segments	36	1	177
12.5	13.5	13 36	segments	13	segments	36	1	226
13.5	14.5	14 36	segments	14	segments	36	1	275
14.5	15.5	15 36	segments	15	segments	36	1	324
15.5	16.5	16 36	segments	16	segments	36	1	373
16.5	17.5	17 36	segments	17	segments	36	1	422
17.5	18.5	18 36	segments	18	segments	36	1	471
18.5	19.5	19 36	segments	19	segments	36	1	520
19.5	20.5	20 36	segments	20	segments	36	1	618
20.5	21.5	21 36	segments	21	segments	36	1	667
21.5	22.5	22 36	segments	22	segments	36	1	716
22.5	23.5	23 36	segments	23	segments	36	1	765
23.5	24.5	24 36	segments	24	segments	36	1	814
24.5	25.5	25 36	segments	25	segments	36	1	863
25.5	26.5	26 36	segments	26	segments	36	1	912
26.5	27.5	27 36	segments	27	segments	36	1	961
27.5	28.5	28 36	segments	28	segments	36	1	1010
28.5	29.5	29 36	segments	29	segments	36	1	1059
29.5	30.5	30 36	segments	30	segments	36	1	1157
30.5	31.5	31 36	segments	31	segments	36	1	1206
31.5	32.5	32 36	segments	32	segments	36	1	1255
32.5	33.5	33 36	segments	33	segments	36	1	1304
33.5	34.5	34 36	segments	34	segments	36	1	1353
34.5	35.5	35 36	segments	35	segments	36	1	1402
35.5	36.5	1	segments	36	segments	36	1	1
36.5	37.5	37 36	segments	37	segments	36	1	1501
37.5	38.5	38 36	segments	38	segments	36	1	1550
38.5	39.5	39 36	segments	39	segments	36	1	1599
39.5	40.5	40 36	segments	40	segments	36	1	1697
40.5	41.5	41 36	segments	41	segments	36	1	1746
41.5	42.5	42 36	segments	42	segments	36	1	1795
42.5	43.5	43 36	segments	43	segments	36	1	1844
43.5	44.5	44 36	segments	44	segments	36	1	1893
44.5	45.5	45 36	segments	45	segments	36	1	1942
45.5	46.5	46 36	segments	46	segments	36	1	1991
46.5	47.5	47 36	segments	47	segments	36	1	2040
47.5	48.5	48 36	segments	48	segments	36	1	2089
48.5	49.5	49 36	segments	49	segments	36	1	2138
49.5	50.5	50 36	segments	50	segments	36	1	2236
0.5	1.5	1 37	segments	1	segments	37	1	31
1.5	2.5	2 37	segments	2	segments	37	1	570
2.5	3.5	3 37	segments	3	segments	37	1	1109
3.5	4.5	4 37	segments	4	segments	37	1	1649
4.5	5.5	5 37	segments	5	segments	37	1	2188
5.5	6.5	6 37	segments	6	segments	37	1	2286
6.5	7.5	7 37	segments	7	segments	37	1	2335
7.5	8.5	8 37	segments	8	segments	37	1	2384
8.5	9.5	9 37	segments	9	segments	37	1	2433
9.5	10.5	10 37	segments	10	segments	37	1	80
10.5	11.5	11 37	segments	11	segments	37	1	129
11.5	12.5	12 37	segments	12	segments	37	1	178
12.5	13.5	13 37	segments	13	segments	37	1	227
13.5	14.5	14 37	segments	14	segments	37	1	276
14.5	15.5	15 37	segments	15	segments	37	1	325
15.5	16.5	16 37	segments	16	segments	37	1	374
16.5	17.5	17 37	segments	17	segments	37	1	423
17.5	18.5	18 37	segments	18	segments	37	1	472
18.5	19.5	19 37	segments	19	segments	37	1	521
19.5	20.5	20 37	segments	20	segments	37	1	619
20.5	21.5	21 37	segments	21	segments	37	1	668
21.5	22.5	22 37	segments	22	segments	37	1	717
22.5	23.5	23 37	segments	23	segments	37	1	766
23.5	24.5	24 37	segments	24	segments	37	1	815
24.5	25.5	25 37	segments	25	segments	37	1	864
25.5	26.5	26 37	segments	26	segments	37	1	913
26.5	27.5	27 37	segments	27	segments	37	1	962
27.5	28.5	28 37	segments	28	segments	37	1	1011
28.5	29.5	29 37	segments	29	segments	37	1	1060
29.5	30.5	30 37	segments	30	segments	37	1	1158
30.5	31.5	31 37	segments	31	segments	37	1	1207
31.5	32.5	32 37	segments	32	segments	37	1	1256
32.5	33.5	33 37	segments	33	segments	37	1	1305
33.5	34.5	34 37	segments	34	segments	37	1	1354
34.5	35.5	35 37	segments	35	segments	37	1	1403
35.5	36.5	36 37	segments	36	segments	37	1	1452
36.5	37.5	1	segments	37	segments	37	1	1
37.5	38.5	38 37	segments	38	segments	37	1	1551
38.5	39.5	39 37	segments	39	segments	37	1	1600
39.5	40.5	40 37	segments	40	segments	37	1	1698
40.5	41.5	41 37	segments	41	segments	37	1	1747
41.5	42.5	42 37	segments	42	segments	37	1	1796
42.5	43.5	43 37	segments	43	segments	37	1	1845
43.5	44.5	44 37	segments	44	segments	37	1	1894
44.5	45.5	45 37	segments	45	segments	37	1	1943
45.5	46.5	46 37	segments	46	segments	37	1	1992
46.5	47.5	47 37	segments	47	segments	37	1	2041
47.5	48.5	48 37	segments	48	segments	37	1	2090
48.5	49.5	49 37	segments	49	segments	37	1	2139
49.5	50.5	50 37	segments	50	segments	37	1	2237
0.5	1.5	1 38	segments	1	segments	38	1	32
1.5	2.5	2 38	segments	2	segments	38	1	571
2.5	3.5	3 38	segments	3	segments	38	1	1110
3.5	4.5	4 38	segments	4	segments	38	1	1650
4.5	5.5	5 38	segments	5	segments	38	1	2189
5.5	6.5	6 38	segments	6	segments	38	1	2287
6.5	7.5	7 38	segments	7	segments	38	1	2336
7.5	8.5	8 38	segments	8	segments	38	1	2385
8.5	9.5	9 38	segments	9	segments	38	1	2434
9.5	10.5	10 38	segments	10	segments	38	1	81
10.5	11.5	11 38	segments	11	segments	38	1	130
11.5	12.5	12 38	segments	12	segments	38	1	179
12.5	13.5	13 38	segments	13	segments	38	1	228
13.5	14.5	14 38	segments	14	segments	38	1	277
14.5	15.5	15 38	segments	15	segments	38	1	326
15.5	16.5	16 38	segments	16	segments	38	1	375
16.5	17.5	17 38	segments	17	segments	38	1	424
17.5	18.5	18 38	segments	18	segments	38	1	473
18.5	19.5	19 38	segments	19	segments	38	1	522
19.5	20.5	20 38	segments	20	segments	38	1	620
20.5	21.5	21 38	segments	21	segments	38	1	669
21.5	22.5	22 38	segments	22	segments	38	1	718
22.5	23.5	23 38	segments	23	segments	38	1	767
23.5	24.5	24 38	segments	24	segments	38	1	816
24.5	25.5	25 38	segments	25	segments	38	1	865
25.5	26.5	26 38	segments	26	segments	38	1	914
26.5	27.5	27 38	segments	27	segments	38	1	963
27.5	28.5	28 38	segments	28	segments	38	1	1012
28.5	29.5	29 38	segments	29	segments	38	1	1061
29.5	30.5	30 38	segments	30	segments	38	1	1159
30.5	31.5	31 38	segments	31	segments	38	1	1208
31.5	32.5	32 38	segments	32	segments	38	1	1257
32.5	33.5	33 38	segments	33	segments	38	1	1306
33.5	34.5	34 38	segments	34	segments	38	1	1355
34.5	35.5	35 38	segments	35	segments	38	1	1404
35.5	36.5	36 38	segments	36	segments	38	1	1453
36.5	37.5	37 38	segments	37	segments	38	1	1502
37.5	38.5	1	segments	38	segments	38	1	1
38.5	39.5	39 38	segments	39	segments	38	1	1601
39.5	40.5	40 38	segments	40	segments	38	1	1699
40.5	41.5	41 38	segments	41	segments	38	1	1748
41.5	42.5	42 38	segments	42	segments	38	1	1797
42.5	43.5	43 38	segments	43	segments	38	1	1846
43.5	44.5	44 38	segments	44	segments	38	1	1895
44.5	45.5	45 38	segments	45	segments	38	1	1944
45.5	46.5	46 38	segments	46	segments	38	1	1993
46.5	47.5	47 38	segments	47	segments	38	1	2042
47.5	48.5	48 38	segments	48	segments	38	1	2091
48.5	49.5	49 38	segments	49	segments	38	1	2140
49.5	50.5	50 38	segments	50	segments	38	1	2238
0.5	1.5	1 39	segments	1	segments	39	1	33
1.5	2.5	2 39	segments	2	segments	39	1	572
2.5	3.5	3 39	segments	3	segments	39	1	1111
3.5	4.5	4 39	segments	4	segments	39	1	1651
4.5	5.5	5 39	segments	5	segments	39	1	2190
5.5	6.5	6 39	segments	6	segments	39	1	2288
6.5	7.5	7 39	segments	7	segments	39	1	2337
7.5	8.5	8 39	segments	8	segments	39	1	2386
8.5	9.5	9 39	segments	9	segments	39	1	2435
9.5	10.5	10 39	segments	10	segments	39	1	82
10.5	11.5	11 39	segments	11	segments	39	1	131
11.5	12.5	12 39	segments	12	segments	39	1	180
12.5	13.5	13 39	segments	13	segments	39	1	229
13.5	14.5	14 39	segments	14	segments	39	1	278
14.5	15.5	15 39	segments	15	segments	39	1	327
15.5	16.5	16 39	segments	16	segments	39	1	376
16.5	17.5	17 39	segments	17	segments	39	1	425
17.5	18.5	18 39	segments	18	segments	39	1	474
18.5	19.5	19 39	segments	19	segments	39	1	523
19.5	20.5	20 39	segments	20	segments	39	1	621
20.5	21.5	21 39	segments	21	segments	39	1	670
21.5	22.5	22 39	segments	22	segments	39	1	719
22.5	23.5	23 39	segments	23	segments	39	1	768
23.5	24.5	24 39	segments	24	segments	39	1	817
24.5	25.5	25 39	segments	25	segments	39	1	866
25.5	26.5	26 39	segments	26	segments	39	1	915
26.5	27.5	27 39	segments	27	segments	39	1	964
27.5	28.5	28 39	segments	28	segments	39	1	1013
28.5	29.5	29 39	segments	29	segments	39	1	1062
29.5	30.5	30 39	segments	30	segments	39	1	1160
30.5	31.5	31 39	segments	31	segments	39	1	1209
31.5	32.5	32 39	segments	32	segments	39	1	1258
32.5	33.5	33 39	segments	33	segments	39	1	1307
33.5	34.5	34 39	segments	34	segments	39	1	1356
34.5	35.5	35 39	segments	35	segments	39	1	1405
35.5	36.5	36 39	segments	36	segments	39	1	1454
36.5	37.5	37 39	segments	37	segments	39	1	1503
37.5	38.5	38 39	segments	38	segments	39	1	1552
38.5	39.5	1	segments	39	segments	39	1	1
39.5	40.5	40 39	segments	40	segments	39	1	1700
40.5	41.5	41 39	segments	41	segments	39	1	1749
41.5	42.5	42 39	segments	42	segments	39	1	1798
42.5	43.5	43 39	segments	43	segments	39	1	1847
43.5	44.5	44 39	segments	44	segments	39	1	1896
44.5	45.5	45 39	segments	45	segments	39	1	1945
45.5	46.5	46 39	segments	46	segments	39	1	1994
46.5	47.5	47 39	segments	47	segments	39	1	2043
47.5	48.5	48 39	segments	48	segments	39	1	2092
48.5	49.5	49 39	segments	49	segments	39	1	2141
49.5	50.5	50 39	segments	50	segments	39	1	2239
0.5	1.5	1 40	segments	1	segments	40	1	35
1.5	2.5	2 40	segments	2	segments	40	1	574
2.5	3.5	3 40	segments	3	segments	40	1	1113
3.5	4.5	4 40	segments	4	segments	40	1	1652
4.5	5.5	5 40	segments	5	segments	40	1	2192
5.5	6.5	6 40	segments	6	segments	40	1	2290
6.5	7.5	7 40	segments	7	segments	40	1	2339
7.5	8.5	8 40	segments	8	segments	40	1	2388
8.5	9.5	9 40	segments	9	segments	40	1	2437
9.5	10.5	10 40	segments	10	segments	40	1	84
10.5	11.5	11 40	segments	11	segments	40	1	133
11.5	12.5	12 40	segments	12	segments	40	1	182
12.5	13.5	13 40	segments	13	segments	40	1	231
13.5	14.5	14 40	segments	14	segments	40	1	280
14.5	15.5	15 40	segments	15	segments	40	1	329
15.5	16.5	16 40	segments	16	segments	40	1	378
16.5	17.5	17 40	segments	17	segments	40	1	427
17.5	18.5	18 40	segments	18	segments	40	1	476
18.5	19.5	19 40	segments	19	segments	40	1	525
19.5	20.5	20 40	segments	20	segments	40	1	623
20.5	21.5	21 40	segments	21	segments	40	1	672
21.5	22.5	22 40	segments	22	segments	40	1	721
22.5	23.5	23 40	segments	23	segments	40	1	770
23.5	24.5	24 40	segments	24	segments	40	1	819
24.5	25.5	25 40	segments	25	segments	40	1	868
25.5	26.5	26 40	segments	26	segments	40	1	917
26.5	27.5	27 40	segments	27	segments	40	1	966
27.5	28.5	28 40	segments	28	segments	40	1	1015
28.5	29.5	29 40	segments	29	segments	40	1	1064
29.5	30.5	30 40	segments	30	segments	40	1	1162
30.5	31.5	31 40	segments	31	segments	40	1	1211
31.5	32.5	32 40	segments	32	segments	40	1	1260
32.5	33.5	33 40	segments	33	segments	40	1	1309
33.5	34.5	34 40	segments	34	segments	40	1	1358
34.5	35.5	35 40	segments	35	segments	40	1	1407
35.5	36.5	36 40	segments	36	segments	40	1	1456
36.5	37.5	37 40	segments	37	segments	40	1	1505
37.5	38.5	38 40	segments	38	segments	40	1	1554
38.5	39.5	39 40	segments	39	segments	40	1	1603
39.5	40.5	1	segments	40	segments	40	1	1
40.5	41.5	41 40	segments	41	segments	40	1	1751
41.5	42.5	42 40	segments	42	segments	40	1	1800
42.5	43.5	43 40	segments	43	segments	40	1	1849
43.5	44.5	44 40	segments	44	segments	40	1	1898
44.5	45.5	45 40	segments	45	segments	40	1	1947
45.5	46.5	46 40	segments	46	segments	40	1	1996
46.5	47.5	47 40	segments	47	segments	40	1	2045
47.5	48.5	48 40	segments	48	segments	40	1	2094
48.5	49.5	49 40	segments	49	segments	40	1	2143
49.5	50.5	50 40	segments	50	segments	40	1	2241
0.5	1.5	1 41	segments	1	segments	41	1	36
1.5	2.5	2 41	segments	2	segments	41	1	575
2.5	3.5	3 41	segments	3	segments	41	1	1114
3.5	4.5	4 41	segments	4	segments	41	1	1653
4.5	5.5	5 41	segments	5	segments	41	1	2193
5.5	6.5	6 41	segments	6	segments	41	1	2291
6.5	7.5	7 41	segments	7	segments	41	1	2340
7.5	8.5	8 41	segments	8	segments	41	1	2389
8.5	9.5	9 41	segments	9	segments	41	1	2438
9.5	10.5	10 41	segments	10	segments	41	1	85
10.5	11.5	11 41	segments	11	segments	41	1	134
11.5	12.5	12 41	segments	12	segments	41	1	183
12.5	13.5	13 41	segments	13	segments	41	1	232
13.5	14.5	14 41	segments	14	segments	41	1	281
14.5	15.5	15 41	segments	15	segments	41	1	330
15.5	16.5	16 41	segments	16	segments	41	1	379
16.5	17.5	17 41	segments	17	segments	41	1	428
17.5	18.5	18 41	segments	18	segments	41	1	477
18.5	19.5	19 41	segments	19	segments	41	1	526
19.5	20.5	20 41	segments	20	segments	41	1	624
20.5	21.5	21 41	segments	21	segments	41	1	673
21.5	22.5	22 41	segments	22	segments	41	1	722
22.5	23.5	23 41	segments	23	segments	41	1	771
23.5	24.5	24 41	segments	24	segments	41	1	820
24.5	25.5	25 41	segments	25	segments	41	1	869
25.5	26.5	26 41	segments	26	segments	41	1	918
26.5	27.5	27 41	segments	27	segments	41	1	967
27.5	28.5	28 41	segments	28	segments	41	1	1016
28.5	29.5	29 41	segments	29	segments	41	1	1065
29.5	30.5	30 41	segments	30	segments	41	1	1163
30.5	31.5	31 41	segments	31	segments	41	1	1212
31.5	32.5	32 41	segments	32	segments	41	1	1261
32.5	33.5	33 41	segments	33	segments	41	1	1310
33.5	34.5	34 41	segments	34	segments	41	1	1359
34.5	35.5	35 41	segments	35	segments	41	1	1408
35.5	36.5	36 41	segments	36	segments	41	1	1457
36.5	37.5	37 41	segments	37	segments	41	1	1506
37.5	38.5	38 41	segments	38	segments	41	1	1555
38.5	39.5	39 41	segments	39	segments	41	1	1604
39.5	40.5	40 41	segments	40	segments	41	1	1702
40.5	41.5	1	segments	41	segments	41	1	1
41.5	42.5	42 41	segments	42	segments	41	1	1801
42.5	43.5	43 41	segments	43	segments	41	1	1850
43.5	44.5	44 41	segments	44	segments	41	1	1899
44.5	45.5	45 41	segments	45	segments	41	1	1948
45.5	46.5	46 41	segments	46	segments	41	1	1997
46.5	47.5	47 41	segments	47	segments	41	1	2046
47.5	48.5	48 41	segments	48	segments	41	1	2095
48.5	49.5	49 41	segments	49	segments	41	1	2144
49.5	50.5	50 41	segments	50	segments	41	1	2242
0.5	1.5	1 42	segments	1	segments	42	1	37
1.5	2.5	2 42	segments	2	segments	42	1	576
2.5	3.5	3 42	segments	3	segments	42	1	1115
3.5	4.5	4 42	segments	4	segments	42	1	1654
4.5	5.5	5 42	segments	5	segments	42	1	2194
5.5	6.5	6 42	segments	6	segments	42	1	2292
6.5	7.5	7 42	segments	7	segments	42	1	2341
7.5	8.5	8 42	segments	8	segments	42	1	2390
8.5	9.5	9 42	segments	9	segments	42	1	2439
9.5	10.5	10 42	segments	10	segments	42	1	86
10.5	11.5	11 42	segments	11	segments	42	1	135
11.5	12.5	12 42	segments	12	segments	42	1	184
12.5	13.5	13 42	segments	13	segments	42	1	233
13.5	14.5	14 42	segments	14	segments	42	1	282
14.5	15.5	15 42	segments	15	segments	42	1	331
15.5	16.5	16 42	segments	16	segments	42	1	380
16.5	17.5	17 42	segments	17	segments	42	1	429
17.5	18.5	18 42	segments	18	segments	42	1	478
18.5	19.5	19 42	segments	19	segments	42	1	527
19.5	20.5	20 42	segments	20	segments	42	1	625
20.5	21.5	21 42	segments	21	segments	42	1	674
21.5	22.5	22 42	segments	22	segments	42	1	723
22.5	23.5	23 42	segments	23	segments	42	1	772
23.5	24.5	24 42	segments	24	segments	42	1	821
24.5	25.5	25 42	segments	25	segments	42	1	870
25.5	26.5	26 42	segments	26	segments	42	1	919
26.5	27.5	27 42	segments	27	segments	42	1	968
27.5	28.5	28 42	segments	28	segments	42	1	1017
28.5	29.5	29 42	segments	29	segments	42	1	1066
29.5	30.5	30 42	segments	30	segments	42	1	1164
30.5	31.5	31 42	segments	31	segments	42	1	1213
31.5	32.5	32 42	segments	32	segments	42	1	1262
32.5	33.5	33 42	segments	33	segments	42	1	1311
33.5	34.5	34 42	segments	34	segments	42	1	1360
34.5	35.5	35 42	segments	35	segments	42	1	1409
35.5	36.5	36 42	segments	36	segments	42	1	1458
36.5	37.5	37 42	segments	37	segments	42	1	1507
37.5	38.5	38 42	segments	38	segments	42	1	1556
38.5	39.5	39 42	segments	39	segments	42	1	1605
39.5	40.5	40 42	segments	40	segments	42	1	1703
40.5	41.5	41 42	segments	41	segments	42	1	1752
41.5	42.5	1	segments	42	segments	42	1	1
42.5	43.5	43 42	segments	43	segments	42	1	1851
43.5	44.5	44 42	segments	44	segments	42	1	1900
44.5	45.5	45 42	segments	45	segments	42	1	1949
45.5	46.5	46 42	segments	46	segments	42	1	1998
46.5	47.5	47 42	segments	47	segments	42	1	2047
47.5	48.5	48 42	segments	48	segments	42	1	2096
48.5	49.5	49 42	segments	49	segments	42	1	2145
49.5	50.5	50 42	segments	50	segments	42	1	2243
0.5	1.5	1 43	segments	1	segments	43	1	38
1.5	2.5	2 43	segments	2	segments	43	1	577
2.5	3.5	3 43	segments	3	segments	43	1	1116
3.5	4.5	4 43	segments	4	segments	43	1	1655
4.5	5.5	5 43	segments	5	segments	43	1	2195
5.5	6.5	6 43	segments	6	segments	43	1	2293
6.5	7.5	7 43	segments	7	segments	43	1	2342
7.5	8.5	8 43	segments	8	segments	43	1	2391
8.5	9.5	9 43	segments	9	segments	43	1	2440
9.5	10.5	10 43	segments	10	segments	43	1	87
10.5	11.5	11 43	segments	11	segments	43	1	136
11.5	12.5	12 43	segments	12	segments	43	1	185
12.5	13.5	13 43	segments	13	segments	43	1	234
13.5	14.5	14 43	segments	14	segments	43	1	283
14.5	15.5	15 43	segments	15	segments	43	1	332
15.5	16.5	16 43	segments	16	segments	43	1	381
16.5	17.5	17 43	segments	17	segments	43	1	430
17.5	18.5	18 43	segments	18	segments	43	1	479
18.5	19.5	19 43	segments	19	segments	43	1	528
19.5	20.5	20 43	segments	20	segments	43	1	626
20.5	21.5	21 43	segments	21	segments	43	1	675
21.5	22.5	22 43	segments	22	segments	43	1	724
22.5	23.5	23 43	segments	23	segments	43	1	773
23.5	24.5	24 43	segments	24	segments	43	1	822
24.5	25.5	25 43	segments	25	segments	43	1	871
25.5	26.5	26 43	segments	26	segments	43	1	920
26.5	27.5	27 43	segments	27	segments	43	1	969
27.5	28.5	28 43	segments	28	segments	43	1	1018
28.5	29.5	29 43	segments	29	segments	43	1	1067
29.5	30.5	30 43	segments	30	segments	43	1	1165
30.5	31.5	31 43	segments	31	segments	43	1	1214
31.5	32.5	32 43	segments	32	segments	43	1	1263
32.5	33.5	33 43	segments	33	segments	43	1	1312
33.5	34.5	34 43	segments	34	segments	43	1	1361
34.5	35.5	35 43	segments	35	segments	43	1	1410
35.5	36.5	36 43	segments	36	segments	43	1	1459
36.5	37.5	37 43	segments	37	segments	43	1	1508
37.5	38.5	38 43	segments	38	segments	43	1	1557
38.5	39.5	39 43	segments	39	segments	43	1	1606
39.5	40.5	40 43	segments	40	segments	43	1	1704
40.5	41.5	41 43	segments	41	segments	43	1	1753
41.5	42.5	42 43	segments	42	segments	43	1	1802
42.5	43.5	1	segments	43	segments	43	1	1
43.5	44.5	44 43	segments	44	segments	43	1	1901
44.5	45.5	45 43	segments	45	segments	43	1	1950
45.5	46.5	46 43	segments	46	segments	43	1	1999
46.5	47.5	47 43	segments	47	segments	43	1	2048
47.5	48.5	48 43	segments	48	segments	43	1	2097
48.5	49.5	49 43	segments	49	segments	43	1	2146
49.5	50.5	50 43	segments	50	segments	43	1	2244
0.5	1.5	1 44	segments	1	segments	44	1	39
1.5	2.5	2 44	segments	2	segments	44	1	578
2.5	3.5	3 44	segments	3	segments	44	1	1117
3.5	4.5	4 44	segments	4	segments	44	1	1656
4.5	5.5	5 44	segments	5	segments	44	1	2196
5.5	6.5	6 44	segments	6	segments	44	1	2294
6.5	7.5	7 44	segments	7	segments	44	1	2343
7.5	8.5	8 44	segments	8	segments	44	1	2392
8.5	9.5	9 44	segments	9	segments	44	1	2441
9.5	10.5	10 44	segments	10	segments	44	1	88
10.5	11.5	11 44	segments	11	segments	44	1	137
11.5	12.5	12 44	segments	12	segments	44	1	186
12.5	13.5	13 44	segments	13	segments	44	1	235
13.5	14.5	14 44	segments	14	segments	44	1	284
14.5	15.5	15 44	segments	15	segments	44	1	333
15.5	16.5	16 44	segments	16	segments	44	1	382
16.5	17.5	17 44	segments	17	segments	44	1	431
17.5	18.5	18 44	segments	18	segments	44	1	480
18.5	19.5	19 44	segments	19	segments	44	1	529
19.5	20.5	20 44	segments	20	segments	44	1	627
20.5	21.5	21 44	segments	21	segments	44	1	676
21.5	22.5	22 44	segments	22	segments	44	1	725
22.5	23.5	23 44	segments	23	segments	44	1	774
23.5	24.5	24 44	segments	24	segments	44	1	823
24.5	25.5	25 44	segments	25	segments	44	1	872
25.5	26.5	26 44	segments	26	segments	44	1	921
26.5	27.5	27 44	segments	27	segments	44	1	970
27.5	28.5	28 44	segments	28	segments	44	1	1019
28.5	29.5	29 44	segments	29	segments	44	1	1068
29.5	30.5	30 44	segments	30	segments	44	1	1166
30.5	31.5	31 44	segments	31	segments	44	1	1215
31.5	32.5	32 44	segments	32	segments	44	1	1264
32.5	33.5	33 44	segments	33	segments	44	1	1313
33.5	34.5	34 44	segments	34	segments	44	1	1362
34.5	35.5	35 44	segments	35	segments	44	1	1411
35.5	36.5	36 44	segments	36	segments	44	1	1460
36.5	37.5	37 44	segments	37	segments	44	1	1509
37.5	38.5	38 44	segments	38	segments	44	1	1558
38.5	39.5	39 44	segments	39	segments	44	1	1607
39.5	40.5	40 44	segments	40	segments	44	1	1705
40.5	41.5	41 44	segments	41	segments	44	1	1754
41.5	42.5	42 44	segments	42	segments	44	1	1803
42.5	43.5	43 44	segments	43	segments	44	1	1852
43.5	44.5	1	segments	44	segments	44	1	1
44.5	45.5	45 44	segments	45	segments	44	1	1951
45.5	46.5	46 44	segments	46	segments	44	1	2000
46.5	47.5	47 44	segments	47	segments	44	1	2049
47.5	48.5	48 44	segments	48	segments	44	1	2098
48.5	49.5	49 44	segments	49	segments	44	1	2147
49.5	50.5	50 44	segments	50	segments	44	1	2245
0.5	1.5	1 45	segments	1	segments	45	1	40
1.5	2.5	2 45	segments	2	segments	45	1	579
2.5	3.5	3 45	segments	3	segments	45	1	1118
3.5	4.5	4 45	segments	4	segments	45	1	1657
4.5	5.5	5 45	segments	5	segments	45	1	2197
5.5	6.5	6 45	segments	6	segments	45	1	2295
6.5	7.5	7 45	segments	7	segments	45	1	2344
7.5	8.5	8 45	segments	8	segments	45	1	2393
8.5	9.5	9 45	segments	9	segments	45	1	2442
9.5	10.5	10 45	segments	10	segments	45	1	89
10.5	11.5	11 45	segments	11	segments	45	1	138
11.5	12.5	12 45	segments	12	segments	45	1	187
12.5	13.5	13 45	segments	13	segments	45	1	236
13.5	14.5	14 45	segments	14	segments	45	1	285
14.5	15.5	15 45	segments	15	segments	45	1	334
15.5	16.5	16 45	segments	16	segments	45	1	383
16.5	17.5	17 45	segments	17	segments	45	1	432
17.5	18.5	18 45	segments	18	segments	45	1	481
18.5	19.5	19 45	segments	19	segments	45	1	530
19.5	20.5	20 45	segments	20	segments	45	1	628
20.5	21.5	21 45	segments	21	segments	45	1	677
21.5	22.5	22 45	segments	22	segments	45	1	726
22.5	23.5	23 45	segments	23	segments	45	1	775
23.5	24.5	24 45	segments	24	segments	45	1	824
24.5	25.5	25 45	segments	25	segments	45	1	873
25.5	26.5	26 45	segments	26	segments	45	1	922
26.5	27.5	27 45	segments	27	segments	45	1	971
27.5	28.5	28 45	segments	28	segments	45	1	1020
28.5	29.5	29 45	segments	29	segments	45	1	1069
29.5	30.5	30 45	segments	30	segments	45	1	1167
30.5	31.5	31 45	segments	31	segments	45	1	1216
31.5	32.5	32 45	segments	32	segments	45	1	1265
32.5	33.5	33 45	segments	33	segments	45	1	1314
33.5	34.5	34 45	segments	34	segments	45	1	1363
34.5	35.5	35 45	segments	35	segments	45	1	1412
35.5	36.5	36 45	segments	36	segments	45	1	1461
36.5	37.5	37 45	segments	37	segments	45	1	1510
37.5	38.5	38 45	segments	38	segments	45	1	1559
38.5	39.5	39 45	segments	39	segments	45	1	1608
39.5	40.5	40 45	segments	40	segments	45	1	1706
40.5	41.5	41 45	segments	41	segments	45	1	1755
41.5	42.5	42 45	segments	42	segments	45	1	1804
42.5	43.5	43 45	segments	43	segments	45	1	1853
43.5	44.5	44 45	segments	44	segments	45	1	1902
44.5	45.5	1	segments	45	segments	45	1	1
45.5	46.5	46 45	segments	46	segments	45	1	2001
46.5	47.5	47 45	segments	47	segments	45	1	2050
47.5	48.5	48 45	segments	48	segments	45	1	2099
48.5	49.5	49 45	segments	49	segments	45	1	2148
49.5	50.5	50 45	segments	50	segments	45	1	2246
0.5	1.5	1 46	segments	1	segments	46	1	41
1.5	2.5	2 46	segments	2	segments	46	1	580
2.5	3.5	3 46	segments	3	segments	46	1	1119
3.5	4.5	4 46	segments	4	segments	46	1	1658
4.5	5.5	5 46	segments	5	segments	46	1	2198
5.5	6.5	6 46	segments	6	segments	46	1	2296
6.5	7.5	7 46	segments	7	segments	46	1	2345
7.5	8.5	8 46	segments	8	segments	46	1	2394
8.5	9.5	9 46	segments	9	segments	46	1	2443
9.5	10.5	10 46	segments	10	segments	46	1	90
10.5	11.5	11 46	segments	11	segments	46	1	139
11.5	12.5	12 46	segments	12	segments	46	1	188
12.5	13.5	13 46	segments	13	segments	46	1	237
13.5	14.5	14 46	segments	14	segments	46	1	286
14.5	15.5	15 46	segments	15	segments	46	1	335
15.5	16.5	16 46	segments	16	segments	46	1	384
16.5	17.5	17 46	segments	17	segments	46	1	433
17.5	18.5	18 46	segments	18	segments	46	1	482
18.5	19.5	19 46	segments	19	segments	46	1	531
19.5	20.5	20 46	segments	20	segments	46	1	629
20.5	21.5	21 46	segments	21	segments	46	1	678
21.5	22.5	22 46	segments	22	segments	46	1	727
22.5	23.5	23 46	segments	23	segments	46	1	776
23.5	24.5	24 46	segments	24	segments	46	1	825
24.5	25.5	25 46	segments	25	segments	46	1	874
25.5	26.5	26 46	segments	26	segments	46	1	923
26.5	27.5	27 46	segments	27	segments	46	1	972
27.5	28.5	28 46	segments	28	segments	46	1	1021
28.5	29.5	29 46	segments	29	segments	46	1	1070
29.5	30.5	30 46	segments	30	segments	46	1	1168
30.5	31.5	31 46	segments	31	segments	46	1	1217
31.5	32.5	32 46	segments	32	segments	46	1	1266
32.5	33.5	33 46	segments	33	segments	46	1	1315
33.5	34.5	34 46	segments	34	segments	46	1	1364
34.5	35.5	35 46	segments	35	segments	46	1	1413
35.5	36.5	36 46	segments	36	segments	46	1	1462
36.5	37.5	37 46	segments	37	segments	46	1	1511
37.5	38.5	38 46	segments	38	segments	46	1	1560
38.5	39.5	39 46	segments	39	segments	46	1	1609
39.5	40.5	40 46	segments	40	segments	46	1	1707
40.5	41.5	41 46	segments	41	segments	46	1	1756
41.5	42.5	42 46	segments	42	segments	46	1	1805
42.5	43.5	43 46	segments	43	segments	46	1	1854
43.5	44.5	44 46	segments	44	segments	46	1	1903
44.5	45.5	45 46	segments	45	segments	46	1	1952
45.5	46.5	1	segments	46	segments	46	1	1
46.5	47.5	47 46	segments	47	segments	46	1	2051
47.5	48.5	48 46	segments	48	segments	46	1	2100
48.5	49.5	49 46	segments	49	segments	46	1	2149
49.5	50.5	50 46	segments	50	segments	46	1	2247
0.5	1.5	1 47	segments	1	segments	47	1	42
1.5	2.5	2 47	segments	2	segments	47	1	581
2.5	3.5	3 47	segments	3	segments	47	1	1120
3.5	4.5	4 47	segments	4	segments	47	1	1659
4.5	5.5	5 47	segments	5	segments	47	1	2199
5.5	6.5	6 47	segments	6	segments	47	1	2297
6.5	7.5	7 47	segments	7	segments	47	1	2346
7.5	8.5	8 47	segments	8	segments	47	1	2395
8.5	9.5	9 47	segments	9	segments	47	1	2444
9.5	10.5	10 47	segments	10	segments	47	1	91
10.5	11.5	11 47	segments	11	segments	47	1	140
11.5	12.5	12 47	segments	12	segments	47	1	189
12.5	13.5	13 47	segments	13	segments	47	1	238
13.5	14.5	14 47	segments	14	segments	47	1	287
14.5	15.5	15 47	segments	15	segments	47	1	336
15.5	16.5	16 47	segments	16	segments	47	1	385
16.5	17.5	17 47	segments	17	segments	47	1	434
17.5	18.5	18 47	segments	18	segments	47	1	483
18.5	19.5	19 47	segments	19	segments	47	1	532
19.5	20.5	20 47	segments	20	segments	47	1	630
20.5	21.5	21 47	segments	21	segments	47	1	679
21.5	22.5	22 47	segments	22	segments	47	1	728
22.5	23.5	23 47	segments	23	segments	47	1	777
23.5	24.5	24 47	segments	24	segments	47	1	826
24.5	25.5	25 47	segments	25	segments	47	1	875
25.5	26.5	26 47	segments	26	segments	47	1	924
26.5	27.5	27 47	segments	27	segments	47	1	973
27.5	28.5	28 47	segments	28	segments	47	1	1022
28.5	29.5	29 47	segments	29	segments	47	1	1071
29.5	30.5	30 47	segments	30	segments	47	1	1169
30.5	31.5	31 47	segments	31	segments	47	1	1218
31.5	32.5	32 47	segments	32	segments	47	1	1267
32.5	33.5	33 47	segments	33	segments	47	1	1316
33.5	34.5	34 47	segments	34	segments	47	1	1365
34.5	35.5	35 47	segments	35	segments	47	1	1414
35.5	36.5	36 47	segments	36	segments	47	1	1463
36.5	37.5	37 47	segments	37	segments	47	1	1512
37.5	38.5	38 47	segments	38	segments	47	1	1561
38.5	39.5	39 47	segments	39	segments	47	1	1610
39.5	40.5	40 47	segments	40	segments	47	1	1708
40.5	41.5	41 47	segments	41	segments	47	1	1757
41.5	42.5	42 47	segments	42	segments	47	1	1806
42.5	43.5	43 47	segments	43	segments	47	1	1855
43.5	44.5	44 47	segments	44	segments	47	1	1904
44.5	45.5	45 47	segments	45	segments	47	1	1953
45.5	46.5	46 47	segments	46	segments	47	1	2002
46.5	47.5	1	segments	47	segments	47	1	1
47.5	48.5	48 47	segments	48	segments	47	1	2101
48.5	49.5	49 47	segments	49	segments	47	1	2150
49.5	50.5	50 47	segments	50	segments	47	1	2248
0.5	1.5	1 48	segments	1	segments	48	1	43
1.5	2.5	2 48	segments	2	segments	48	1	582
2.5	3.5	3 48	segments	3	segments	48	1	1121
3.5	4.5	4 48	segments	4	segments	48	1	1660
4.5	5.5	5 48	segments	5	segments	48	1	2200
5.5	6.5	6 48	segments	6	segments	48	1	2298
6.5	7.5	7 48	segments	7	segments	48	1	2347
7.5	8.5	8 48	segments	8	segments	48	1	2396
8.5	9.5	9 48	segments	9	segments	48	1	2445
9.5	10.5	10 48	segments	10	segments	48	1	92
10.5	11.5	11 48	segments	11	segments	48	1	141
11.5	12.5	12 48	segments	12	segments	48	1	190
12.5	13.5	13 48	segments	13	segments	48	1	239
13.5	14.5	14 48	segments	14	segments	48	1	288
14.5	15.5	15 48	segments	15	segments	48	1	337
15.5	16.5	16 48	segments	16	segments	48	1	386
16.5	17.5	17 48	segments	17	segments	48	1	435
17.5	18.5	18 48	segments	18	segments	48	1	484
18.5	19.5	19 48	segments	19	segments	48	1	533
19.5	20.5	20 48	segments	20	segments	48	1	631
20.5	21.5	21 48	segments	21	segments	48	1	680
21.5	22.5	22 48	segments	22	segments	48	1	729
22.5	23.5	23 48	segments	23	segments	48	1	778
23.5	24.5	24 48	segments	24	segments	48	1	827
24.5	25.5	25 48	segments	25	segments	48	1	876
25.5	26.5	26 48	segments	26	segments	48	1	925
26.5	27.5	27 48	segments	27	segments	48	1	974
27.5	28.5	28 48	segments	28	segments	48	1	1023
28.5	29.5	29 48	segments	29	segments	48	1	1072
29.5	30.5	30 48	segments	30	segments	48	1	1170
30.5	31.5	31 48	segments	31	segments	48	1	1219
31.5	32.5	32 48	segments	32	segments	48	1	1268
32.5	33.5	33 48	segments	33	segments	48	1	1317
33.5	34.5	34 48	segments	34	segments	48	1	1366
34.5	35.5	35 48	segments	35	segments	48	1	1415
35.5	36.5	36 48	segments	36	segments	48	1	1464
36.5	37.5	37 48	segments	37	segments	48	1	1513
37.5	38.5	38 48	segments	38	segments	48	1	1562
38.5	39.5	39 48	segments	39	segments	48	1	1611
39.5	40.5	40 48	segments	40	segments	48	1	1709
40.5	41.5	41 48	segments	41	segments	48	1	1758
41.5	42.5	42 48	segments	42	segments	48	1	1807
42.5	43.5	43 48	segments	43	segments	48	1	1856
43.5	44.5	44 48	segments	44	segments	48	1	1905
44.5	45.5	45 48	segments	45	segments	48	1	1954
45.5	46.5	46 48	segments	46	segments	48	1	2003
46.5	47.5	47 48	segments	47	segments	48	1	2052
47.5	48.5	1	segments	48	segments	48	1	1
48.5	49.5	49 48	segments	49	segments	48	1	2151
49.5	50.5	50 48	segments	50	segments	48	1	2249
0.5	1.5	1 49	segments	1	segments	49	1	44
1.5	2.5	2 49	segments	2	segments	49	1	583
2.5	3.5	3 49	segments	3	segments	49	1	1122
3.5	4.5	4 49	segments	4	segments	49	1	1661
4.5	5.5	5 49	segments	5	segments	49	1	2201
5.5	6.5	6 49	segments	6	segments	49	1	2299
6.5	7.5	7 49	segments	7	segments	49	1	2348
7.5	8.5	8 49	segments	8	segments	49	1	2397
8.5	9.5	9 49	segments	9	segments	49	1	2446
9.5	10.5	10 49	segments	10	segments	49	1	93
10.5	11.5	11 49	segments	11	segments	49	1	142
11.5	12.5	12 49	segments	12	segments	49	1	191
12.5	13.5	13 49	segments	13	segments	49	1	240
13.5	14.5	14 49	segments	14	segments	49	1	289
14.5	15.5	15 49	segments	15	segments	49	1	338
15.5	16.5	16 49	segments	16	segments	49	1	387
16.5	17.5	17 49	segments	17	segments	49	1	436
17.5	18.5	18 49	segments	18	segments	49	1	485
18.5	19.5	19 49	segments	19	segments	49	1	534
19.5	20.5	20 49	segments	20	segments	49	1	632
20.5	21.5	21 49	segments	21	segments	49	1	681
21.5	22.5	22 49	segments	22	segments	49	1	730
22.5	23.5	23 49	segments	23	segments	49	1	779
23.5	24.5	24 49	segments	24	segments	49	1	828
24.5	25.5	25 49	segments	25	segments	49	1	877
25.5	26.5	26 49	segments	26	segments	49	1	926
26.5	27.5	27 49	segments	27	segments	49	1	975
27.5	28.5	28 49	segments	28	segments	49	1	1024
28.5	29.5	29 49	segments	29	segments	49	1	1073
29.5	30.5	30 49	segments	30	segments	49	1	1171
30.5	31.5	31 49	segments	31	segments	49	1	1220
31.5	32.5	32 49	segments	32	segments	49	1	1269
32.5	33.5	33 49	segments	33	segments	49	1	1318
33.5	34.5	34 49	segments	34	segments	49	1	1367
34.5	35.5	35 49	segments	35	segments	49	1	1416
35.5	36.5	36 49	segments	36	segments	49	1	1465
36.5	37.5	37 49	segments	37	segments	49	1	1514
37.5	38.5	38 49	segments	38	segments	49	1	1563
38.5	39.5	39 49	segments	39	segments	49	1	1612
39.5	40.5	40 49	segments	40	segments	49	1	1710
40.5	41.5	41 49	segments	41	segments	49	1	1759
41.5	42.5	42 49	segments	42	segments	49	1	1808
42.5	43.5	43 49	segments	43	segments	49	1	1857
43.5	44.5	44 49	segments	44	segments	49	1	1906
44.5	45.5	45 49	segments	45	segments	49	1	1955
45.5	46.5	46 49	segments	46	segments	49	1	2004
46.5	47.5	47 49	segments	47	segments	49	1	2053
47.5	48.5	48 49	segments	48	segments	49	1	2102
48.5	49.5	1	segments	49	segments	49	1	1
49.5	50.5	50 49	segments	50	segments	49	1	2250
0.5	1.5	1 50	segments	1	segments	50	1	46
1.5	2.5	2 50	segments	2	segments	50	1	585
2.5	3.5	3 50	segments	3	segments	50	1	1124
3.5	4.5	4 50	segments	4	segments	50	1	1663
4.5	5.5	5 50	segments	5	segments	50	1	2202
5.5	6.5	6 50	segments	6	segments	50	1	2301
6.5	7.5	7 50	segments	7	segments	50	1	2350
7.5	8.5	8 50	segments	8	segments	50	1	2399
8.5	9.5	9 50	segments	9	segments	50	1	2448
9.5	10.5	10 50	segments	10	segments	50	1	95
10.5	11.5	11 50	segments	11	segments	50	1	144
11.5	12.5	12 50	segments	12	segments	50	1	193
12.5	13.5	13 50	segments	13	segments	50	1	242
13.5	14.5	14 50	segments	14	segments	50	1	291
14.5	15.5	15 50	segments	15	segments	50	1	340
15.5	16.5	16 50	segments	16	segments	50	1	389
16.5	17.5	17 50	segments	17	segments	50	1	438
17.5	18.5	18 50	segments	18	segments	50	1	487
18.5	19.5	19 50	segments	19	segments	50	1	536
19.5	20.5	20 50	segments	20	segments	50	1	634
20.5	21.5	21 50	segments	21	segments	50	1	683
21.5	22.5	22 50	segments	22	segments	50	1	732
22.5	23.5	23 50	segments	23	segments	50	1	781
23.5	24.5	24 50	segments	24	segments	50	1	830
24.5	25.5	25 50	segments	25	segments	50	1	879
25.5	26.5	26 50	segments	26	segments	50	1	928
26.5	27.5	27 50	segments	27	segments	50	1	977
27.5	28.5	28 50	segments	28	segments	50	1	1026
28.5	29.5	29 50	segments	29	segments	50	1	1075
29.5	30.5	30 50	segments	30	segments	50	1	1173
30.5	31.5	31 50	segments	31	segments	50	1	1222
31.5	32.5	32 50	segments	32	segments	50	1	1271
32.5	33.5	33 50	segments	33	segments	50	1	1320
33.5	34.5	34 50	segments	34	segments	50	1	1369
34.5	35.5	35 50	segments	35	segments	50	1	1418
35.5	36.5	36 50	segments	36	segments	50	1	1467
36.5	37.5	37 50	segments	37	segments	50	1	1516
37.5	38.5	38 50	segments	38	segments	50	1	1565
38.5	39.5	39 50	segments	39	segments	50	1	1614
39.5	40.5	40 50	segments	40	segments	50	1	1712
40.5	41.5	41 50	segments	41	segments	50	1	1761
41.5	42.5	42 50	segments	42	segments	50	1	1810
42.5	43.5	43 50	segments	43	segments	50	1	1859
43.5	44.5	44 50	segments	44	segments	50	1	1908
44.5	45.5	45 50	segments	45	segments	50	1	1957
45.5	46.5	46 50	segments	46	segments	50	1	2006
46.5	47.5	47 50	segments	47	segments	50	1	2055
47.5	48.5	48 50	segments	48	segments	50	1	2104
48.5	49.5	49 50	segments	49	segments	50	1	2153
49.5	50.5	1	segments	50	segments	50	1	1
0.5	1.5	1	segments	1	segments	1	2	1
1.5	2.5	2 1	segments	2	segments	1	2	541
2.5	3.5	3 1	segments	3	segments	1	2	1080
3.5	4.5	4 1	segments	4	segments	1	2	1619
4.5	5.5	5 1	segments	5	segments	1	2	2158
5.5	6.5	6 1	segments	6	segments	1	2	2256
6.5	7.5	7 1	segments	7	segments	1	2	2305
7.5	8.5	8 1	segments	8	segments	1	2	2354
8.5	9.5	9 1	segments	9	segments	1	2	2403
9.5	10.5	10 1	segments	10	segments	1	2	51
10.5	11.5	11 1	segments	11	segments	1	2	100
11.5	12.5	12 1	segments	12	segments	1	2	149
12.5	13.5	13 1	segments	13	segments	1	2	198
13.5	14.5	14 1	segments	14	segments	1	2	247
14.5	15.5	15 1	segments	15	segments	1	2	296
15.5	16.5	16 1	segments	16	segments	1	2	345
16.5	17.5	17 1	segments	17	segments	1	2	394
17.5	18.5	18 1	segments	18	segments	1	2	443
18.5	19.5	19 1	segments	19	segments	1	2	492
19.5	20.5	20 1	segments	20	segments	1	2	590
20.5	21.5	21 1	segments	21	segments	1	2	639
21.5	22.5	22 1	segments	22	segments	1	2	688
22.5	23.5	23 1	segments	23	segments	1	2	737
23.5	24.5	24 1	segments	24	segments	1	2	786
24.5	25.5	25 1	segments	25	segments	1	2	835
25.5	26.5	26 1	segments	26	segments	1	2	884
26.5	27.5	27 1	segments	27	segments	1	2	933
27.5	28.5	28 1	segments	28	segments	1	2	982
28.5	29.5	29 1	segments	29	segments	1	2	1031
29.5	30.5	30 1	segments	30	segments	1	2	1129
30.5	31.5	31 1	segments	31	segments	1	2	1178
31.5	32.5	32 1	segments	32	segments	1	2	1227
32.5	33.5	33 1	segments	33	segments	1	2	1276
33.5	34.5	34 1	segments	34	segments	1	2	1325
34.5	35.5	35 1	segments	35	segments	1	2	1374
35.5	36.5	36 1	segments	36	segments	1	2	1423
36.5	37.5	37 1	segments	37	segments	1	2	1472
37.5	38.5	38 1	segments	38	segments	1	2	1521
38.5	39.5	39 1	segments	39	segments	1	2	1570
39.5	40.5	40 1	segments	40	segments	1	2	1668
40.5	41.5	41 1	segments	41	segments	1	2	1717
41.5	42.5	42 1	segments	42	segments	1	2	1766
42.5	43.5	43 1	segments	43	segments	1	2	1815
43.5	44.5	44 1	segments	44	segments	1	2	1864
44.5	45.5	45 1	segments	45	segments	1	2	1913
45.5	46.5	46 1	segments	46	segments	1	2	1962
46.5	47.5	47 1	segments	47	segments	1	2	2011
47.5	48.5	48 1	segments	48	segments	1	2	2060
48.5	49.5	49 1	segments	49	segments	1	2	2109
49.5	50.5	50 1	segments	50	segments	1	2	2207
0.5	1.5	1 2	segments	1	segments	2	2	12
1.5	2.5	1	segments	2	segments	2	2	1
2.5	3.5	3 2	segments	3	segments	2	2	1091
3.5	4.5	4 2	segments	4	segments	2	2	1630
4.5	5.5	5 2	segments	5	segments	2	2	2169
5.5	6.5	6 2	segments	6	segments	2	2	2267
6.5	7.5	7 2	segments	7	segments	2	2	2316
7.5	8.5	8 2	segments	8	segments	2	2	2365
8.5	9.5	9 2	segments	9	segments	2	2	2414
9.5	10.5	10 2	segments	10	segments	2	2	61
10.5	11.5	11 2	segments	11	segments	2	2	110
11.5	12.5	12 2	segments	12	segments	2	2	159
12.5	13.5	13 2	segments	13	segments	2	2	208
13.5	14.5	14 2	segments	14	segments	2	2	257
14.5	15.5	15 2	segments	15	segments	2	2	306
15.5	16.5	16 2	segments	16	segments	2	2	355
16.5	17.5	17 2	segments	17	segments	2	2	404
17.5	18.5	18 2	segments	18	segments	2	2	453
18.5	19.5	19 2	segments	19	segments	2	2	502
19.5	20.5	20 2	segments	20	segments	2	2	601
20.5	21.5	21 2	segments	21	segments	2	2	650
21.5	22.5	22 2	segments	22	segments	2	2	699
22.5	23.5	23 2	segments	23	segments	2	2	748
23.5	24.5	24 2	segments	24	segments	2	2	797
24.5	25.5	25 2	segments	25	segments	2	2	846
25.5	26.5	26 2	segments	26	segments	2	2	895
26.5	27.5	27 2	segments	27	segments	2	2	944
27.5	28.5	28 2	segments	28	segments	2	2	993
28.5	29.5	29 2	segments	29	segments	2	2	1042
29.5	30.5	30 2	segments	30	segments	2	2	1140
30.5	31.5	31 2	segments	31	segments	2	2	1189
31.5	32.5	32 2	segments	32	segments	2	2	1238
32.5	33.5	33 2	segments	33	segments	2	2	1287
33.5	34.5	34 2	segments	34	segments	2	2	1336
34.5	35.5	35 2	segments	35	segments	2	2	1385
35.5	36.5	36 2	segments	36	segments	2	2	1434
36.5	37.5	37 2	segments	37	segments	2	2	1483
37.5	38.5	38 2	segments	38	segments	2	2	1532
38.5	39.5	39 2	segments	39	segments	2	2	1581
39.5	40.5	40 2	segments	40	segments	2	2	1679
40.5	41.5	41 2	segments	41	segments	2	2	1728
41.5	42.5	42 2	segments	42	segments	2	2	1777
42.5	43.5	43 2	segments	43	segments	2	2	1826
43.5	44.5	44 2	segments	44	segments	2	2	1875
44.5	45.5	45 2	segments	45	segments	2	2	1924
45.5	46.5	46 2	segments	46	segments	2	2	1973
46.5	47.5	47 2	segments	47	segments	2	2	2022
47.5	48.5	48 2	segments	48	segments	2	2	2071
48.5	49.5	49 2	segments	49	segments	2	2	2120
49.5	50.5	50 2	segments	50	segments	2	2	2218
0.5	1.5	1 3	segments	1	segments	3	2	23
1.5	2.5	2 3	segments	2	segments	3	2	562
2.5	3.5	1	segments	3	segments	3	2	1
3.5	4.5	4 3	segments	4	segments	3	2	1641
4.5	5.5	5 3	segments	5	segments	3	2	2180
5.5	6.5	6 3	segments	6	segments	3	2	2278
6.5	7.5	7 3	segments	7	segments	3	2	2327
7.5	8.5	8 3	segments	8	segments	3	2	2376
8.5	9.5	9 3	segments	9	segments	3	2	2425
9.5	10.5	10 3	segments	10	segments	3	2	72
10.5	11.5	11 3	segments	11	segments	3	2	121
11.5	12.5	12 3	segments	12	segments	3	2	170
12.5	13.5	13 3	segments	13	segments	3	2	219
13.5	14.5	14 3	segments	14	segments	3	2	268
14.5	15.5	15 3	segments	15	segments	3	2	317
15.5	16.5	16 3	segments	16	segments	3	2	366
16.5	17.5	17 3	segments	17	segments	3	2	415
17.5	18.5	18 3	segments	18	segments	3	2	464
18.5	19.5	19 3	segments	19	segments	3	2	513
19.5	20.5	20 3	segments	20	segments	3	2	611
20.5	21.5	21 3	segments	21	segments	3	2	660
21.5	22.5	22 3	segments	22	segments	3	2	709
22.5	23.5	23 3	segments	23	segments	3	2	758
23.5	24.5	24 3	segments	24	segments	3	2	807
24.5	25.5	25 3	segments	25	segments	3	2	856
25.5	26.5	26 3	segments	26	segments	3	2	905
26.5	27.5	27 3	segments	27	segments	3	2	954
27.5	28.5	28 3	segments	28	segments	3	2	1003
28.5	29.5	29 3	segments	29	segments	3	2	1052
29.5	30.5	30 3	segments	30	segments	3	2	1151
30.5	31.5	31 3	segments	31	segments	3	2	1200
31.5	32.5	32 3	segments	32	segments	3	2	1249
32.5	33.5	33 3	segments	33	segments	3	2	1298
33.5	34.5	34 3	segments	34	segments	3	2	1347
34.5	35.5	35 3	segments	35	segments	3	2	1396
35.5	36.5	36 3	segments	36	segments	3	2	1445
36.5	37.5	37 3	segments	37	segments	3	2	1494
37.5	38.5	38 3	segments	38	segments	3	2	1543
38.5	39.5	39 3	segments	39	segments	3	2	1592
39.5	40.5	40 3	segments	40	segments	3	2	1690
40.5	41.5	41 3	segments	41	segments	3	2	1739
41.5	42.5	42 3	segments	42	segments	3	2	1788
42.5	43.5	43 3	segments	43	segments	3	2	1837
43.5	44.5	44 3	segments	44	segments	3	2	1886
44.5	45.5	45 3	segments	45	segments	3	2	1935
45.5	46.5	46 3	segments	46	segments	3	2	1984
46.5	47.5	47 3	segments	47	segments	3	2	2033
47.5	48.5	48 3	segments	48	segments	3	2	2082
48.5	49.5	49 3	segments	49	segments	3	2	2131
49.5	50.5	50 3	segments	50	segments	3	2	2229
0.5	1.5	1 4	segments	1	segments	4	2	34
1.5	2.5	2 4	segments	2	segments	4	2	573
2.5	3.5	3 4	segments	3	segments	4	2	1112
3.5	4.5	1	segments	4	segments	4	2	1
4.5	5.5	5 4	segments	5	segments	4	2	2191
5.5	6.5	6 4	segments	6	segments	4	2	2289
6.5	7.5	7 4	segments	7	segments	4	2	2338
7.5	8.5	8 4	segments	8	segments	4	2	2387
8.5	9.5	9 4	segments	9	segments	4	2	2436
9.5	10.5	10 4	segments	10	segments	4	2	83
10.5	11.5	11 4	segments	11	segments	4	2	132
11.5	12.5	12 4	segments	12	segments	4	2	181
12.5	13.5	13 4	segments	13	segments	4	2	230
13.5	14.5	14 4	segments	14	segments	4	2	279
14.5	15.5	15 4	segments	15	segments	4	2	328
15.5	16.5	16 4	segments	16	segments	4	2	377
16.5	17.5	17 4	segments	17	segments	4	2	426
17.5	18.5	18 4	segments	18	segments	4	2	475
18.5	19.5	19 4	segments	19	segments	4	2	524
19.5	20.5	20 4	segments	20	segments	4	2	622
20.5	21.5	21 4	segments	21	segments	4	2	671
21.5	22.5	22 4	segments	22	segments	4	2	720
22.5	23.5	23 4	segments	23	segments	4	2	769
23.5	24.5	24 4	segments	24	segments	4	2	818
24.5	25.5	25 4	segments	25	segments	4	2	867
25.5	26.5	26 4	segments	26	segments	4	2	916
26.5	27.5	27 4	segments	27	segments	4	2	965
27.5	28.5	28 4	segments	28	segments	4	2	1014
28.5	29.5	29 4	segments	29	segments	4	2	1063
29.5	30.5	30 4	segments	30	segments	4	2	1161
30.5	31.5	31 4	segments	31	segments	4	2	1210
31.5	32.5	32 4	segments	32	segments	4	2	1259
32.5	33.5	33 4	segments	33	segments	4	2	1308
33.5	34.5	34 4	segments	34	segments	4	2	1357
34.5	35.5	35 4	segments	35	segments	4	2	1406
35.5	36.5	36 4	segments	36	segments	4	2	1455
36.5	37.5	37 4	segments	37	segments	4	2	1504
37.5	38.5	38 4	segments	38	segments	4	2	1553
38.5	39.5	39 4	segments	39	segments	4	2	1602
39.5	40.5	40 4	segments	40	segments	4	2	1701
40.5	41.5	41 4	segments	41	segments	4	2	1750
41.5	42.5	42 4	segments	42	segments	4	2	1799
42.5	43.5	43 4	segments	43	segments	4	2	1848
43.5	44.5	44 4	segments	44	segments	4	2	1897
44.5	45.5	45 4	segments	45	segments	4	2	1946
45.5	46.5	46 4	segments	46	segments	4	2	1995
46.5	47.5	47 4	segments	47	segments	4	2	2044
47.5	48.5	48 4	segments	48	segments	4	2	2093
48.5	49.5	49 4	segments	49	segments	4	2	2142
49.5	50.5	50 4	segments	50	segments	4	2	2240
0.5	1.5	1 5	segments	1	segments	5	2	45
1.5	2.5	2 5	segments	2	segments	5	2	584
2.5	3.5	3 5	segments	3	segments	5	2	1123
3.5	4.5	4 5	segments	4	segments	5	2	1662
4.5	5.5	1	segments	5	segments	5	2	1
5.5	6.5	6 5	segments	6	segments	5	2	2300
6.5	7.5	7 5	segments	7	segments	5	2	2349
7.5	8.5	8 5	segments	8	segments	5	2	2398
8.5	9.5	9 5	segments	9	segments	5	2	2447
9.5	10.5	10 5	segments	10	segments	5	2	94
10.5	11.5	11 5	segments	11	segments	5	2	143
11.5	12.5	12 5	segments	12	segments	5	2	192
12.5	13.5	13 5	segments	13	segments	5	2	241
13.5	14.5	14 5	segments	14	segments	5	2	290
14.5	15.5	15 5	segments	15	segments	5	2	339
15.5	16.5	16 5	segments	16	segments	5	2	388
16.5	17.5	17 5	segments	17	segments	5	2	437
17.5	18.5	18 5	segments	18	segments	5	2	486
18.5	19.5	19 5	segments	19	segments	5	2	535
19.5	20.5	20 5	segments	20	segments	5	2	633
20.5	21.5	21 5	segments	21	segments	5	2	682
21.5	22.5	22 5	segments	22	segments	5	2	731
22.5	23.5	23 5	segments	23	segments	5	2	780
23.5	24.5	24 5	segments	24	segments	5	2	829
24.5	25.5	25 5	segments	25	segments	5	2	878
25.5	26.5	26 5	segments	26	segments	5	2	927
26.5	27.5	27 5	segments	27	segments	5	2	976
27.5	28.5	28 5	segments	28	segments	5	2	1025
28.5	29.5	29 5	segments	29	segments	5	2	1074
29.5	30.5	30 5	segments	30	segments	5	2	1172
30.5	31.5	31 5	segments	31	segments	5	2	1221
31.5	32.5	32 5	segments	32	segments	5	2	1270
32.5	33.5	33 5	segments	33	segments	5	2	1319
33.5	34.5	34 5	segments	34	segments	5	2	1368
34.5	35.5	35 5	segments	35	segments	5	2	1417
35.5	36.5	36 5	segments	36	segments	5	2	1466
36.5	37.5	37 5	segments	37	segments	5	2	1515
37.5	38.5	38 5	segments	38	segments	5	2	1564
38.5	39.5	39 5	segments	39	segments	5	2	1613
39.5	40.5	40 5	segments	40	segments	5	2	1711
40.5	41.5	41 5	segments	41	segments	5	2	1760
41.5	42.5	42 5	segments	42	segments	5	2	1809
42.5	43.5	43 5	segments	43	segments	5	2	1858
43.5	44.5	44 5	segments	44	segments	5	2	1907
44.5	45.5	45 5	segments	45	segments	5	2	1956
45.5	46.5	46 5	segments	46	segments	5	2	2005
46.5	47.5	47 5	segments	47	segments	5	2	2054
47.5	48.5	48 5	segments	48	segments	5	2	2103
48.5	49.5	49 5	segments	49	segments	5	2	2152
49.5	50.5	50 5	segments	50	segments	5	2	2251
0.5	1.5	1 6	segments	1	segments	6	2	47
1.5	2.5	2 6	segments	2	segments	6	2	586
2.5	3.5	3 6	segments	3	segments	6	2	1125
3.5	4.5	4 6	segments	4	segments	6	2	1664
4.5	5.5	5 6	segments	5	segments	6	2	2203
5.5	6.5	1	segments	6	segments	6	2	1
6.5	7.5	7 6	segments	7	segments	6	2	2351
7.5	8.5	8 6	segments	8	segments	6	2	2400
8.5	9.5	9 6	segments	9	segments	6	2	2449
9.5	10.5	10 6	segments	10	segments	6	2	96
10.5	11.5	11 6	segments	11	segments	6	2	145
11.5	12.5	12 6	segments	12	segments	6	2	194
12.5	13.5	13 6	segments	13	segments	6	2	243
13.5	14.5	14 6	segments	14	segments	6	2	292
14.5	15.5	15 6	segments	15	segments	6	2	341
15.5	16.5	16 6	segments	16	segments	6	2	390
16.5	17.5	17 6	segments	17	segments	6	2	439
17.5	18.5	18 6	segments	18	segments	6	2	488
18.5	19.5	19 6	segments	19	segments	6	2	537
19.5	20.5	20 6	segments	20	segments	6	2	635
20.5	21.5	21 6	segments	21	segments	6	2	684
21.5	22.5	22 6	segments	22	segments	6	2	733
22.5	23.5	23 6	segments	23	segments	6	2	782
23.5	24.5	24 6	segments	24	segments	6	2	831
24.5	25.5	25 6	segments	25	segments	6	2	880
25.5	26.5	26 6	segments	26	segments	6	2	929
26.5	27.5	27 6	segments	27	segments	6	2	978
27.5	28.5	28 6	segments	28	segments	6	2	1027
28.5	29.5	29 6	segments	29	segments	6	2	1076
29.5	30.5	30 6	segments	30	segments	6	2	1174
30.5	31.5	31 6	segments	31	segments	6	2	1223
31.5	32.5	32 6	segments	32	segments	6	2	1272
32.5	33.5	33 6	segments	33	segments	6	2	1321
33.5	34.5	34 6	segments	34	segments	6	2	1370
34.5	35.5	35 6	segments	35	segments	6	2	1419
35.5	36.5	36 6	segments	36	segments	6	2	1468
36.5	37.5	37 6	segments	37	segments	6	2	1517
37.5	38.5	38 6	segments	38	segments	6	2	1566
38.5	39.5	39 6	segments	39	segments	6	2	1615
39.5	40.5	40 6	segments	40	segments	6	2	1713
40.5	41.5	41 6	segments	41	segments	6	2	1762
41.5	42.5	42 6	segments	42	segments	6	2	1811
42.5	43.5	43 6	segments	43	segments	6	2	1860
43.5	44.5	44 6	segments	44	segments	6	2	1909
44.5	45.5	45 6	segments	45	segments	6	2	1958
45.5	46.5	46 6	segments	46	segments	6	2	2007
46.5	47.5	47 6	segments	47	segments	6	2	2056
47.5	48.5	48 6	segments	48	segments	6	2	2105
48.5	49.5	49 6	segments	49	segments	6	2	2154
49.5	50.5	50 6	segments	50	segments	6	2	2252
0.5	1.5	1 7	segments	1	segments	7	2	48
1.5	2.5	2 7	segments	2	segments	7	2	587
2.5	3.5	3 7	segments	3	segments	7	2	1126
3.5	4.5	4 7	segments	4	segments	7	2	1665
4.5	5.5	5 7	segments	5	segments	7	2	2204
5.5	6.5	6 7	segments	6	segments	7	2	2302
6.5	7.5	1	segments	7	segments	7	2	1
7.5	8.5	8 7	segments	8	segments	7	2	2401
8.5	9.5	9 7	segments	9	segments	7	2	2450
9.5	10.5	10 7	segments	10	segments	7	2	97
10.5	11.5	11 7	segments	11	segments	7	2	146
11.5	12.5	12 7	segments	12	segments	7	2	195
12.5	13.5	13 7	segments	13	segments	7	2	244
13.5	14.5	14 7	segments	14	segments	7	2	293
14.5	15.5	15 7	segments	15	segments	7	2	342
15.5	16.5	16 7	segments	16	segments	7	2	391
16.5	17.5	17 7	segments	17	segments	7	2	440
17.5	18.5	18 7	segments	18	segments	7	2	489
18.5	19.5	19 7	segments	19	segments	7	2	538
19.5	20.5	20 7	segments	20	segments	7	2	636
20.5	21.5	21 7	segments	21	segments	7	2	685
21.5	22.5	22 7	segments	22	segments	7	2	734
22.5	23.5	23 7	segments	23	segments	7	2	783
23.5	24.5	24 7	segments	24	segments	7	2	832
24.5	25.5	25 7	segments	25	segments	7	2	881
25.5	26.5	26 7	segments	26	segments	7	2	930
26.5	27.5	27 7	segments	27	segments	7	2	979
27.5	28.5	28 7	segments	28	segments	7	2	1028
28.5	29.5	29 7	segments	29	segments	7	2	1077
29.5	30.5	30 7	segments	30	segments	7	2	1175
30.5	31.5	31 7	segments	31	segments	7	2	1224
31.5	32.5	32 7	segments	32	segments	7	2	1273
32.5	33.5	33 7	segments	33	segments	7	2	1322
33.5	34.5	34 7	segments	34	segments	7	2	1371
34.5	35.5	35 7	segments	35	segments	7	2	1420
35.5	36.5	36 7	segments	36	segments	7	2	1469
36.5	37.5	37 7	segments	37	segments	7	2	1518
37.5	38.5	38 7	segments	38	segments	7	2	1567
38.5	39.5	39 7	segments	39	segments	7	2	1616
39.5	40.5	40 7	segments	40	segments	7	2	1714
40.5	41.5	41 7	segments	41	segments	7	2	1763
41.5	42.5	42 7	segments	42	segments	7	2	1812
42.5	43.5	43 7	segments	43	segments	7	2	1861
43.5	44.5	44 7	segments	44	segments	7	2	1910
44.5	45.5	45 7	segments	45	segments	7	2	1959
45.5	46.5	46 7	segments	46	segments	7	2	2008
46.5	47.5	47 7	segments	47	segments	7	2	2057
47.5	48.5	48 7	segments	48	segments	7	2	2106
48.5	49.5	49 7	segments	49	segments	7	2	2155
49.5	50.5	50 7	segments	50	segments	7	2	2253
0.5	1.5	1 8	segments	1	segments	8	2	49
1.5	2.5	2 8	segments	2	segments	8	2	588
2.5	3.5	3 8	segments	3	segments	8	2	1127
3.5	4.5	4 8	segments	4	segments	8	2	1666
4.5	5.5	5 8	segments	5	segments	8	2	2205
5.5	6.5	6 8	segments	6	segments	8	2	2303
6.5	7.5	7 8	segments	7	segments	8	2	2352
7.5	8.5	1	segments	8	segments	8	2	1
8.5	9.5	9 8	segments	9	segments	8	2	2451
9.5	10.5	10 8	segments	10	segments	8	2	98
10.5	11.5	11 8	segments	11	segments	8	2	147
11.5	12.5	12 8	segments	12	segments	8	2	196
12.5	13.5	13 8	segments	13	segments	8	2	245
13.5	14.5	14 8	segments	14	segments	8	2	294
14.5	15.5	15 8	segments	15	segments	8	2	343
15.5	16.5	16 8	segments	16	segments	8	2	392
16.5	17.5	17 8	segments	17	segments	8	2	441
17.5	18.5	18 8	segments	18	segments	8	2	490
18.5	19.5	19 8	segments	19	segments	8	2	539
19.5	20.5	20 8	segments	20	segments	8	2	637
20.5	21.5	21 8	segments	21	segments	8	2	686
21.5	22.5	22 8	segments	22	segments	8	2	735
22.5	23.5	23 8	segments	23	segments	8	2	784
23.5	24.5	24 8	segments	24	segments	8	2	833
24.5	25.5	25 8	segments	25	segments	8	2	882
25.5	26.5	26 8	segments	26	segments	8	2	931
26.5	27.5	27 8	segments	27	segments	8	2	980
27.5	28.5	28 8	segments	28	segments	8	2	1029
28.5	29.5	29 8	segments	29	segments	8	2	1078
29.5	30.5	30 8	segments	30	segments	8	2	1176
30.5	31.5	31 8	segments	31	segments	8	2	1225
31.5	32.5	32 8	segments	32	segments	8	2	1274
32.5	33.5	33 8	segments	33	segments	8	2	1323
33.5	34.5	34 8	segments	34	segments	8	2	1372
34.5	35.5	35 8	segments	35	segments	8	2	1421
35.5	36.5	36 8	segments	36	segments	8	2	1470
36.5	37.5	37 8	segments	37	segments	8	2	1519
37.5	38.5	38 8	segments	38	segments	8	2	1568
38.5	39.5	39 8	segments	39	segments	8	2	1617
39.5	40.5	40 8	segments	40	segments	8	2	1715
40.5	41.5	41 8	segments	41	segments	8	2	1764
41.5	42.5	42 8	segments	42	segments	8	2	1813
42.5	43.5	43 8	segments	43	segments	8	2	1862
43.5	44.5	44 8	segments	44	segments	8	2	1911
44.5	45.5	45 8	segments	45	segments	8	2	1960
45.5	46.5	46 8	segments	46	segments	8	2	2009
46.5	47.5	47 8	segments	47	segments	8	2	2058
47.5	48.5	48 8	segments	48	segments	8	2	2107
48.5	49.5	49 8	segments	49	segments	8	2	2156
49.5	50.5	50 8	segments	50	segments	8	2	2254
0.5	1.5	1 9	segments	1	segments	9	2	50
1.5	2.5	2 9	segments	2	segments	9	2	589
2.5	3.5	3 9	segments	3	segments	9	2	1128
3.5	4.5	4 9	segments	4	segments	9	2	1667
4.5	5.5	5 9	segments	5	segments	9	2	2206
5.5	6.5	6 9	segments	6	segments	9	2	2304
6.5	7.5	7 9	segments	7	segments	9	2	2353
7.5	8.5	8 9	segments	8	segments	9	2	2402
8.5	9.5	1	segments	9	segments	9	2	1
9.5	10.5	10 9	segments	10	segments	9	2	99
10.5	11.5	11 9	segments	11	segments	9	2	148
11.5	12.5	12 9	segments	12	segments	9	2	197
12.5	13.5	13 9	segments	13	segments	9	2	246
13.5	14.5	14 9	segments	14	segments	9	2	295
14.5	15.5	15 9	segments	15	segments	9	2	344
15.5	16.5	16 9	segments	16	segments	9	2	393
16.5	17.5	17 9	segments	17	segments	9	2	442
17.5	18.5	18 9	segments	18	segments	9	2	491
18.5	19.5	19 9	segments	19	segments	9	2	540
19.5	20.5	20 9	segments	20	segments	9	2	638
20.5	21.5	21 9	segments	21	segments	9	2	687
21.5	22.5	22 9	segments	22	segments	9	2	736
22.5	23.5	23 9	segments	23	segments	9	2	785
23.5	24.5	24 9	segments	24	segments	9	2	834
24.5	25.5	25 9	segments	25	segments	9	2	883
25.5	26.5	26 9	segments	26	segments	9	2	932
26.5	27.5	27 9	segments	27	segments	9	2	981
27.5	28.5	28 9	segments	28	segments	9	2	1030
28.5	29.5	29 9	segments	29	segments	9	2	1079
29.5	30.5	30 9	segments	30	segments	9	2	1177
30.5	31.5	31 9	segments	31	segments	9	2	1226
31.5	32.5	32 9	segments	32	segments	9	2	1275
32.5	33.5	33 9	segments	33	segments	9	2	1324
33.5	34.5	34 9	segments	34	segments	9	2	1373
34.5	35.5	35 9	segments	35	segments	9	2	1422
35.5	36.5	36 9	segments	36	segments	9	2	1471
36.5	37.5	37 9	segments	37	segments	9	2	1520
37.5	38.5	38 9	segments	38	segments	9	2	1569
38.5	39.5	39 9	segments	39	segments	9	2	1618
39.5	40.5	40 9	segments	40	segments	9	2	1716
40.5	41.5	41 9	segments	41	segments	9	2	1765
41.5	42.5	42 9	segments	42	segments	9	2	1814
42.5	43.5	43 9	segments	43	segments	9	2	1863
43.5	44.5	44 9	segments	44	segments	9	2	1912
44.5	45.5	45 9	segments	45	segments	9	2	1961
45.5	46.5	46 9	segments	46	segments	9	2	2010
46.5	47.5	47 9	segments	47	segments	9	2	2059
47.5	48.5	48 9	segments	48	segments	9	2	2108
48.5	49.5	49 9	segments	49	segments	9	2	2157
49.5	50.5	50 9	segments	50	segments	9	2	2255
0.5	1.5	1 10	segments	1	segments	10	2	2
1.5	2.5	2 10	segments	2	segments	10	2	542
2.5	3.5	3 10	segments	3	segments	10	2	1081
3.5	4.5	4 10	segments	4	segments	10	2	1620
4.5	5.5	5 10	segments	5	segments	10	2	2159
5.5	6.5	6 10	segments	6	segments	10	2	2257
6.5	7.5	7 10	segments	7	segments	10	2	2306
7.5	8.5	8 10	segments	8	segments	10	2	2355
8.5	9.5	9 10	segments	9	segments	10	2	2404
9.5	10.5	1	segments	10	segments	10	2	1
10.5	11.5	11 10	segments	11	segments	10	2	101
11.5	12.5	12 10	segments	12	segments	10	2	150
12.5	13.5	13 10	segments	13	segments	10	2	199
13.5	14.5	14 10	segments	14	segments	10	2	248
14.5	15.5	15 10	segments	15	segments	10	2	297
15.5	16.5	16 10	segments	16	segments	10	2	346
16.5	17.5	17 10	segments	17	segments	10	2	395
17.5	18.5	18 10	segments	18	segments	10	2	444
18.5	19.5	19 10	segments	19	segments	10	2	493
19.5	20.5	20 10	segments	20	segments	10	2	591
20.5	21.5	21 10	segments	21	segments	10	2	640
21.5	22.5	22 10	segments	22	segments	10	2	689
22.5	23.5	23 10	segments	23	segments	10	2	738
23.5	24.5	24 10	segments	24	segments	10	2	787
24.5	25.5	25 10	segments	25	segments	10	2	836
25.5	26.5	26 10	segments	26	segments	10	2	885
26.5	27.5	27 10	segments	27	segments	10	2	934
27.5	28.5	28 10	segments	28	segments	10	2	983
28.5	29.5	29 10	segments	29	segments	10	2	1032
29.5	30.5	30 10	segments	30	segments	10	2	1130
30.5	31.5	31 10	segments	31	segments	10	2	1179
31.5	32.5	32 10	segments	32	segments	10	2	1228
32.5	33.5	33 10	segments	33	segments	10	2	1277
33.5	34.5	34 10	segments	34	segments	10	2	1326
34.5	35.5	35 10	segments	35	segments	10	2	1375
35.5	36.5	36 10	segments	36	segments	10	2	1424
36.5	37.5	37 10	segments	37	segments	10	2	1473
37.5	38.5	38 10	segments	38	segments	10	2	1522
38.5	39.5	39 10	segments	39	segments	10	2	1571
39.5	40.5	40 10	segments	40	segments	10	2	1669
40.5	41.5	41 10	segments	41	segments	10	2	1718
41.5	42.5	42 10	segments	42	segments	10	2	1767
42.5	43.5	43 10	segments	43	segments	10	2	1816
43.5	44.5	44 10	segments	44	segments	10	2	1865
44.5	45.5	45 10	segments	45	segments	10	2	1914
45.5	46.5	46 10	segments	46	segments	10	2	1963
46.5	47.5	47 10	segments	47	segments	10	2	2012
47.5	48.5	48 10	segments	48	segments	10	2	2061
48.5	49.5	49 10	segments	49	segments	10	2	2110
49.5	50.5	50 10	segments	50	segments	10	2	2208
0.5	1.5	1 11	segments	1	segments	11	2	3
1.5	2.5	2 11	segments	2	segments	11	2	543
2.5	3.5	3 11	segments	3	segments	11	2	1082
3.5	4.5	4 11	segments	4	segments	11	2	1621
4.5	5.5	5 11	segments	5	segments	11	2	2160
5.5	6.5	6 11	segments	6	segments	11	2	2258
6.5	7.5	7 11	segments	7	segments	11	2	2307
7.5	8.5	8 11	segments	8	segments	11	2	2356
8.5	9.5	9 11	segments	9	segments	11	2	2405
9.5	10.5	10 11	segments	10	segments	11	2	52
10.5	11.5	1	segments	11	segments	11	2	1
11.5	12.5	12 11	segments	12	segments	11	2	151
12.5	13.5	13 11	segments	13	segments	11	2	200
13.5	14.5	14 11	segments	14	segments	11	2	249
14.5	15.5	15 11	segments	15	segments	11	2	298
15.5	16.5	16 11	segments	16	segments	11	2	347
16.5	17.5	17 11	segments	17	segments	11	2	396
17.5	18.5	18 11	segments	18	segments	11	2	445
18.5	19.5	19 11	segments	19	segments	11	2	494
19.5	20.5	20 11	segments	20	segments	11	2	592
20.5	21.5	21 11	segments	21	segments	11	2	641
21.5	22.5	22 11	segments	22	segments	11	2	690
22.5	23.5	23 11	segments	23	segments	11	2	739
23.5	24.5	24 11	segments	24	segments	11	2	788
24.5	25.5	25 11	segments	25	segments	11	2	837
25.5	26.5	26 11	segments	26	segments	11	2	886
26.5	27.5	27 11	segments	27	segments	11	2	935
27.5	28.5	28 11	segments	28	segments	11	2	984
28.5	29.5	29 11	segments	29	segments	11	2	1033
29.5	30.5	30 11	segments	30	segments	11	2	1131
30.5	31.5	31 11	segments	31	segments	11	2	1180
31.5	32.5	32 11	segments	32	segments	11	2	1229
32.5	33.5	33 11	segments	33	segments	11	2	1278
33.5	34.5	34 11	segments	34	segments	11	2	1327
34.5	35.5	35 11	segments	35	segments	11	2	1376
35.5	36.5	36 11	segments	36	segments	11	2	1425
36.5	37.5	37 11	segments	37	segments	11	2	1474
37.5	38.5	38 11	segments	38	segments	11	2	1523
38.5	39.5	39 11	segments	39	segments	11	2	1572
39.5	40.5	40 11	segments	40	segments	11	2	1670
40.5	41.5	41 11	segments	41	segments	11	2	1719
41.5	42.5	42 11	segments	42	segments	11	2	1768
42.5	43.5	43 11	segments	43	segments	11	2	1817
43.5	44.5	44 11	segments	44	segments	11	2	1866
44.5	45.5	45 11	segments	45	segments	11	2	1915
45.5	46.5	46 11	segments	46	segments	11	2	1964
46.5	47.5	47 11	segments	47	segments	11	2	2013
47.5	48.5	48 11	segments	48	segments	11	2	2062
48.5	49.5	49 11	segments	49	segments	11	2	2111
49.5	50.5	50 11	segments	50	segments	11	2	2209
0.5	1.5	1 12	segments	1	segments	12	2	4
1.5	2.5	2 12	segments	2	segments	12	2	544
2.5	3.5	3 12	segments	3	segments	12	2	1083
3.5	4.5	4 12	segments	4	segments	12	2	1622
4.5	5.5	5 12	segments	5	segments	12	2	2161
5.5	6.5	6 12	segments	6	segments	12	2	2259
6.5	7.5	7 12	segments	7	segments	12	2	2308
7.5	8.5	8 12	segments	8	segments	12	2	2357
8.5	9.5	9 12	segments	9	segments	12	2	2406
9.5	10.5	10 12	segments	10	segments	12	2	53
10.5	11.5	11 12	segments	11	segments	12	2	102
11.5	12.5	1	segments	12	segments	12	2	1
12.5	13.5	13 12	segments	13	segments	12	2	201
13.5	14.5	14 12	segments	14	segments	12	2	250
14.5	15.5	15 12	segments	15	segments	12	2	299
15.5	16.5	16 12	segments	16	segments	12	2	348
16.5	17.5	17 12	segments	17	segments	12	2	397
17.5	18.5	18 12	segments	18	segments	12	2	446
18.5	19.5	19 12	segments	19	segments	12	2	495
19.5	20.5	20 12	segments	20	segments	12	2	593
20.5	21.5	21 12	segments	21	segments	12	2	642
21.5	22.5	22 12	segments	22	segments	12	2	691
22.5	23.5	23 12	segments	23	segments	12	2	740
23.5	24.5	24 12	segments	24	segments	12	2	789
24.5	25.5	25 12	segments	25	segments	12	2	838
25.5	26.5	26 12	segments	26	segments	12	2	887
26.5	27.5	27 12	segments	27	segments	12	2	936
27.5	28.5	28 12	segments	28	segments	12	2	985
28.5	29.5	29 12	segments	29	segments	12	2	1034
29.5	30.5	30 12	segments	30	segments	12	2	1132
30.5	31.5	31 12	segments	31	segments	12	2	1181
31.5	32.5	32 12	segments	32	segments	12	2	1230
32.5	33.5	33 12	segments	33	segments	12	2	1279
33.5	34.5	34 12	segments	34	segments	12	2	1328
34.5	35.5	35 12	segments	35	segments	12	2	1377
35.5	36.5	36 12	segments	36	segments	12	2	1426
36.5	37.5	37 12	segments	37	segments	12	2	1475
37.5	38.5	38 12	segments	38	segments	12	2	1524
38.5	39.5	39 12	segments	39	segments	12	2	1573
39.5	40.5	40 12	segments	40	segments	12	2	1671
40.5	41.5	41 12	segments	41	segments	12	2	1720
41.5	42.5	42 12	segments	42	segments	12	2	1769
42.5	43.5	43 12	segments	43	segments	12	2	1818
43.5	44.5	44 12	segments	44	segments	12	2	1867
44.5	45.5	45 12	segments	45	segments	12	2	1916
45.5	46.5	46 12	segments	46	segments	12	2	1965
46.5	47.5	47 12	segments	47	segments	12	2	2014
47.5	48.5	48 12	segments	48	segments	12	2	2063
48.5	49.5	49 12	segments	49	segments	12	2	2112
49.5	50.5	50 12	segments	50	segments	12	2	2210
0.5	1.5	1 13	segments	1	segments	13	2	5
1.5	2.5	2 13	segments	2	segments	13	2	545
2.5	3.5	3 13	segments	3	segments	13	2	1084
3.5	4.5	4 13	segments	4	segments	13	2	1623
4.5	5.5	5 13	segments	5	segments	13	2	2162
5.5	6.5	6 13	segments	6	segments	13	2	2260
6.5	7.5	7 13	segments	7	segments	13	2	2309
7.5	8.5	8 13	segments	8	segments	13	2	2358
8.5	9.5	9 13	segments	9	segments	13	2	2407
9.5	10.5	10 13	segments	10	segments	13	2	54
10.5	11.5	11 13	segments	11	segments	13	2	103
11.5	12.5	12 13	segments	12	segments	13	2	152
12.5	13.5	1	segments	13	segments	13	2	1
13.5	14.5	14 13	segments	14	segments	13	2	251
14.5	15.5	15 13	segments	15	segments	13	2	300
15.5	16.5	16 13	segments	16	segments	13	2	349
16.5	17.5	17 13	segments	17	segments	13	2	398
17.5	18.5	18 13	segments	18	segments	13	2	447
18.5	19.5	19 13	segments	19	segments	13	2	496
19.5	20.5	20 13	segments	20	segments	13	2	594
20.5	21.5	21 13	segments	21	segments	13	2	643
21.5	22.5	22 13	segments	22	segments	13	2	692
22.5	23.5	23 13	segments	23	segments	13	2	741
23.5	24.5	24 13	segments	24	segments	13	2	790
24.5	25.5	25 13	segments	25	segments	13	2	839
25.5	26.5	26 13	segments	26	segments	13	2	888
26.5	27.5	27 13	segments	27	segments	13	2	937
27.5	28.5	28 13	segments	28	segments	13	2	986
28.5	29.5	29 13	segments	29	segments	13	2	1035
29.5	30.5	30 13	segments	30	segments	13	2	1133
30.5	31.5	31 13	segments	31	segments	13	2	1182
31.5	32.5	32 13	segments	32	segments	13	2	1231
32.5	33.5	33 13	segments	33	segments	13	2	1280
33.5	34.5	34 13	segments	34	segments	13	2	1329
34.5	35.5	35 13	segments	35	segments	13	2	1378
35.5	36.5	36 13	segments	36	segments	13	2	1427
36.5	37.5	37 13	segments	37	segments	13	2	1476
37.5	38.5	38 13	segments	38	segments	13	2	1525
38.5	39.5	39 13	segments	39	segments	13	2	1574
39.5	40.5	40 13	segments	40	segments	13	2	1672
40.5	41.5	41 13	segments	41	segments	13	2	1721
41.5	42.5	42 13	segments	42	segments	13	2	1770
42.5	43.5	43 13	segments	43	segments	13	2	1819
43.5	44.5	44 13	segments	44	segments	13	2	1868
44.5	45.5	45 13	segments	45	segments	13	2	1917
45.5	46.5	46 13	segments	46	segments	13	2	1966
46.5	47.5	47 13	segments	47	segments	13	2	2015
47.5	48.5	48 13	segments	48	segments	13	2	2064
48.5	49.5	49 13	segments	49	segments	13	2	2113
49.5	50.5	50 13	segments	50	segments	13	2	2211
0.5	1.5	1 14	segments	1	segments	14	2	6
1.5	2.5	2 14	segments	2	segments	14	2	546
2.5	3.5	3 14	segments	3	segments	14	2	1085
3.5	4.5	4 14	segments	4	segments	14	2	1624
4.5	5.5	5 14	segments	5	segments	14	2	2163
5.5	6.5	6 14	segments	6	segments	14	2	2261
6.5	7.5	7 14	segments	7	segments	14	2	2310
7.5	8.5	8 14	segments	8	segments	14	2	2359
8.5	9.5	9 14	segments	9	segments	14	2	2408
9.5	10.5	10 14	segments	10	segments	14	2	55
10.5	11.5	11 14	segments	11	segments	14	2	104
11.5	12.5	12 14	segments	12	segments	14	2	153
12.5	13.5	13 14	segments	13	segments	14	2	202
13.5	14.5	1	segments	14	segments	14	2	1
14.5	15.5	15 14	segments	15	segments	14	2	301
15.5	16.5	16 14	segments	16	segments	14	2	350
16.5	17.5	17 14	segments	17	segments	14	2	399
17.5	18.5	18 14	segments	18	segments	14	2	448
18.5	19.5	19 14	segments	19	segments	14	2	497
19.5	20.5	20 14	segments	20	segments	14	2	595
20.5	21.5	21 14	segments	21	segments	14	2	644
21.5	22.5	22 14	segments	22	segments	14	2	693
22.5	23.5	23 14	segments	23	segments	14	2	742
23.5	24.5	24 14	segments	24	segments	14	2	791
24.5	25.5	25 14	segments	25	segments	14	2	840
25.5	26.5	26 14	segments	26	segments	14	2	889
26.5	27.5	27 14	segments	27	segments	14	2	938
27.5	28.5	28 14	segments	28	segments	14	2	987
28.5	29.5	29 14	segments	29	segments	14	2	1036
29.5	30.5	30 14	segments	30	segments	14	2	1134
30.5	31.5	31 14	segments	31	segments	14	2	1183
31.5	32.5	32 14	segments	32	segments	14	2	1232
32.5	33.5	33 14	segments	33	segments	14	2	1281
33.5	34.5	34 14	segments	34	segments	14	2	1330
34.5	35.5	35 14	segments	35	segments	14	2	1379
35.5	36.5	36 14	segments	36	segments	14	2	1428
36.5	37.5	37 14	segments	37	segments	14	2	1477
37.5	38.5	38 14	segments	38	segments	14	2	1526
38.5	39.5	39 14	segments	39	segments	14	2	1575
39.5	40.5	40 14	segments	40	segments	14	2	1673
40.5	41.5	41 14	segments	41	segments	14	2	1722
41.5	42.5	42 14	segments	42	segments	14	2	1771
42.5	43.5	43 14	segments	43	segments	14	2	1820
43.5	44.5	44 14	segments	44	segments	14	2	1869
44.5	45.5	45 14	segments	45	segments	14	2	1918
45.5	46.5	46 14	segments	46	segments	14	2	1967
46.5	47.5	47 14	segments	47	segments	14	2	2016
47.5	48.5	48 14	segments	48	segments	14	2	2065
48.5	49.5	49 14	segments	49	segments	14	2	2114
49.5	50.5	50 14	segments	50	segments	14	2	2212
0.5	1.5	1 15	segments	1	segments	15	2	7
1.5	2.5	2 15	segments	2	segments	15	2	547
2.5	3.5	3 15	segments	3	segments	15	2	1086
3.5	4.5	4 15	segments	4	segments	15	2	1625
4.5	5.5	5 15	segments	5	segments	15	2	2164
5.5	6.5	6 15	segments	6	segments	15	2	2262
6.5	7.5	7 15	segments	7	segments	15	2	2311
7.5	8.5	8 15	segments	8	segments	15	2	2360
8.5	9.5	9 15	segments	9	segments	15	2	2409
9.5	10.5	10 15	segments	10	segments	15	2	56
10.5	11.5	11 15	segments	11	segments	15	2	105
11.5	12.5	12 15	segments	12	segments	15	2	154
12.5	13.5	13 15	segments	13	segments	15	2	203
13.5	14.5	14 15	segments	14	segments	15	2	252
14.5	15.5	1	segments	15	segments	15	2	1
15.5	16.5	16 15	segments	16	segments	15	2	351
16.5	17.5	17 15	segments	17	segments	15	2	400
17.5	18.5	18 15	segments	18	segments	15	2	449
18.5	19.5	19 15	segments	19	segments	15	2	498
19.5	20.5	20 15	segments	20	segments	15	2	596
20.5	21.5	21 15	segments	21	segments	15	2	645
21.5	22.5	22 15	segments	22	segments	15	2	694
22.5	23.5	23 15	segments	23	segments	15	2	743
23.5	24.5	24 15	segments	24	segments	15	2	792
24.5	25.5	25 15	segments	25	segments	15	2	841
25.5	26.5	26 15	segments	26	segments	15	2	890
26.5	27.5	27 15	segments	27	segments	15	2	939
27.5	28.5	28 15	segments	28	segments	15	2	988
28.5	29.5	29 15	segments	29	segments	15	2	1037
29.5	30.5	30 15	segments	30	segments	15	2	1135
30.5	31.5	31 15	segments	31	segments	15	2	1184
31.5	32.5	32 15	segments	32	segments	15	2	1233
32.5	33.5	33 15	segments	33	segments	15	2	1282
33.5	34.5	34 15	segments	34	segments	15	2	1331
34.5	35.5	35 15	segments	35	segments	15	2	1380
35.5	36.5	36 15	segments	36	segments	15	2	1429
36.5	37.5	37 15	segments	37	segments	15	2	1478
37.5	38.5	38 15	segments	38	segments	15	2	1527
38.5	39.5	39 15	segments	39	segments	15	2	1576
39.5	40.5	40 15	segments	40	segments	15	2	1674
40.5	41.5	41 15	segments	41	segments	15	2	1723
41.5	42.5	42 15	segments	42	segments	15	2	1772
42.5	43.5	43 15	segments	43	segments	15	2	1821
43.5	44.5	44 15	segments	44	segments	15	2	1870
44.5	45.5	45 15	segments	45	segments	15	2	1919
45.5	46.5	46 15	segments	46	segments	15	2	1968
46.5	47.5	47 15	segments	47	segments	15	2	2017
47.5	48.5	48 15	segments	48	segments	15	2	2066
48.5	49.5	49 15	segments	49	segments	15	2	2115
49.5	50.5	50 15	segments	50	segments	15	2	2213
0.5	1.5	1 16	segments	1	segments	16	2	8
1.5	2.5	2 16	segments	2	segments	16	2	548
2.5	3.5	3 16	segments	3	segments	16	2	1087
3.5	4.5	4 16	segments	4	segments	16	2	1626
4.5	5.5	5 16	segments	5	segments	16	2	2165
5.5	6.5	6 16	segments	6	segments	16	2	2263
6.5	7.5	7 16	segments	7	segments	16	2	2312
7.5	8.5	8 16	segments	8	segments	16	2	2361
8.5	9.5	9 16	segments	9	segments	16	2	2410
9.5	10.5	10 16	segments	10	segments	16	2	57
10.5	11.5	11 16	segments	11	segments	16	2	106
11.5	12.5	12 16	segments	12	segments	16	2	155
12.5	13.5	13 16	segments	13	segments	16	2	204
13.5	14.5	14 16	segments	14	segments	16	2	253
14.5	15.5	15 16	segments	15	segments	16	2	302
15.5	16.5	1	segments	16	segments	16	2	1
16.5	17.5	17 16	segments	17	segments	16	2	401
17.5	18.5	18 16	segments	18	segments	16	2	450
18.5	19.5	19 16	segments	19	segments	16	2	499
19.5	20.5	20 16	segments	20	segments	16	2	597
20.5	21.5	21 16	segments	21	segments	16	2	646
21.5	22.5	22 16	segments	22	segments	16	2	695
22.5	23.5	23 16	segments	23	segments	16	2	744
23.5	24.5	24 16	segments	24	segments	16	2	793
24.5	25.5	25 16	segments	25	segments	16	2	842
25.5	26.5	26 16	segments	26	segments	16	2	891
26.5	27.5	27 16	segments	27	segments	16	2	940
27.5	28.5	28 16	segments	28	segments	16	2	989
28.5	29.5	29 16	segments	29	segments	16	2	1038
29.5	30.5	30 16	segments	30	segments	16	2	1136
30.5	31.5	31 16	segments	31	segments	16	2	1185
31.5	32.5	32 16	segments	32	segments	16	2	1234
32.5	33.5	33 16	segments	33	segments	16	2	1283
33.5	34.5	34 16	segments	34	segments	16	2	1332
34.5	35.5	35 16	segments	35	segments	16	2	1381
35.5	36.5	36 16	segments	36	segments	16	2	1430
36.5	37.5	37 16	segments	37	segments	16	2	1479
37.5	38.5	38 16	segments	38	segments	16	2	1528
38.5	39.5	39 16	segments	39	segments	16	2	1577
39.5	40.5	40 16	segments	40	segments	16	2	1675
40.5	41.5	41 16	segments	41	segments	16	2	1724
41.5	42.5	42 16	segments	42	segments	16	2	1773
42.5	43.5	43 16	segments	43	segments	16	2	1822
43.5	44.5	44 16	segments	44	segments	16	2	1871
44.5	45.5	45 16	segments	45	segments	16	2	1920
45.5	46.5	46 16	segments	46	segments	16	2	1969
46.5	47.5	47 16	segments	47	segments	16	2	2018
47.5	48.5	48 16	segments	48	segments	16	2	2067
48.5	49.5	49 16	segments	49	segments	16	2	2116
49.5	50.5	50 16	segments	50	segments	16	2	2214
0.5	1.5	1 17	segments	1	segments	17	2	9
1.5	2.5	2 17	segments	2	segments	17	2	549
2.5	3.5	3 17	segments	3	segments	17	2	1088
3.5	4.5	4 17	segments	4	segments	17	2	1627
4.5	5.5	5 17	segments	5	segments	17	2	2166
5.5	6.5	6 17	segments	6	segments	17	2	2264
6.5	7.5	7 17	segments	7	segments	17	2	2313
7.5	8.5	8 17	segments	8	segments	17	2	2362
8.5	9.5	9 17	segments	9	segments	17	2	2411
9.5	10.5	10 17	segments	10	segments	17	2	58
10.5	11.5	11 17	segments	11	segments	17	2	107
11.5	12.5	12 17	segments	12	segments	17	2	156
12.5	13.5	13 17	segments	13	segments	17	2	205
13.5	14.5	14 17	segments	14	segments	17	2	254
14.5	15.5	15 17	segments	15	segments	17	2	303
15.5	16.5	16 17	segments	16	segments	17	2	352
16.5	17.5	1	segments	17	segments	17	2	1
17.5	18.5	18 17	segments	18	segments	17	2	451
18.5	19.5	19 17	segments	19	segments	17	2	500
19.5	20.5	20 17	segments	20	segments	17	2	598
20.5	21.5	21 17	segments	21	segments	17	2	647
21.5	22.5	22 17	segments	22	segments	17	2	696
22.5	23.5	23 17	segments	23	segments	17	2	745
23.5	24.5	24 17	segments	24	segments	17	2	794
24.5	25.5	25 17	segments	25	segments	17	2	843
25.5	26.5	26 17	segments	26	segments	17	2	892
26.5	27.5	27 17	segments	27	segments	17	2	941
27.5	28.5	28 17	segments	28	segments	17	2	990
28.5	29.5	29 17	segments	29	segments	17	2	1039
29.5	30.5	30 17	segments	30	segments	17	2	1137
30.5	31.5	31 17	segments	31	segments	17	2	1186
31.5	32.5	32 17	segments	32	segments	17	2	1235
32.5	33.5	33 17	segments	33	segments	17	2	1284
33.5	34.5	34 17	segments	34	segments	17	2	1333
34.5	35.5	35 17	segments	35	segments	17	2	1382
35.5	36.5	36 17	segments	36	segments	17	2	1431
36.5	37.5	37 17	segments	37	segments	17	2	1480
37.5	38.5	38 17	segments	38	segments	17	2	1529
38.5	39.5	39 17	segments	39	segments	17	2	1578
39.5	40.5	40 17	segments	40	segments	17	2	1676
40.5	41.5	41 17	segments	41	segments	17	2	1725
41.5	42.5	42 17	segments	42	segments	17	2	1774
42.5	43.5	43 17	segments	43	segments	17	2	1823
43.5	44.5	44 17	segments	44	segments	17	2	1872
44.5	45.5	45 17	segments	45	segments	17	2	1921
45.5	46.5	46 17	segments	46	segments	17	2	1970
46.5	47.5	47 17	segments	47	segments	17	2	2019
47.5	48.5	48 17	segments	48	segments	17	2	2068
48.5	49.5	49 17	segments	49	segments	17	2	2117
49.5	50.5	50 17	segments	50	segments	17	2	2215
0.5	1.5	1 18	segments	1	segments	18	2	10
1.5	2.5	2 18	segments	2	segments	18	2	550
2.5	3.5	3 18	segments	3	segments	18	2	1089
3.5	4.5	4 18	segments	4	segments	18	2	1628
4.5	5.5	5 18	segments	5	segments	18	2	2167
5.5	6.5	6 18	segments	6	segments	18	2	2265
6.5	7.5	7 18	segments	7	segments	18	2	2314
7.5	8.5	8 18	segments	8	segments	18	2	2363
8.5	9.5	9 18	segments	9	segments	18	2	2412
9.5	10.5	10 18	segments	10	segments	18	2	59
10.5	11.5	11 18	segments	11	segments	18	2	108
11.5	12.5	12 18	segments	12	segments	18	2	157
12.5	13.5	13 18	segments	13	segments	18	2	206
13.5	14.5	14 18	segments	14	segments	18	2	255
14.5	15.5	15 18	segments	15	segments	18	2	304
15.5	16.5	16 18	segments	16	segments	18	2	353
16.5	17.5	17 18	segments	17	segments	18	2	402
17.5	18.5	1	segments	18	segments	18	2	1
18.5	19.5	19 18	segments	19	segments	18	2	501
19.5	20.5	20 18	segments	20	segments	18	2	599
20.5	21.5	21 18	segments	21	segments	18	2	648
21.5	22.5	22 18	segments	22	segments	18	2	697
22.5	23.5	23 18	segments	23	segments	18	2	746
23.5	24.5	24 18	segments	24	segments	18	2	795
24.5	25.5	25 18	segments	25	segments	18	2	844
25.5	26.5	26 18	segments	26	segments	18	2	893
26.5	27.5	27 18	segments	27	segments	18	2	942
27.5	28.5	28 18	segments	28	segments	18	2	991
28.5	29.5	29 18	segments	29	segments	18	2	1040
29.5	30.5	30 18	segments	30	segments	18	2	1138
30.5	31.5	31 18	segments	31	segments	18	2	1187
31.5	32.5	32 18	segments	32	segments	18	2	1236
32.5	33.5	33 18	segments	33	segments	18	2	1285
33.5	34.5	34 18	segments	34	segments	18	2	1334
34.5	35.5	35 18	segments	35	segments	18	2	1383
35.5	36.5	36 18	segments	36	segments	18	2	1432
36.5	37.5	37 18	segments	37	segments	18	2	1481
37.5	38.5	38 18	segments	38	segments	18	2	1530
38.5	39.5	39 18	segments	39	segments	18	2	1579
39.5	40.5	40 18	segments	40	segments	18	2	1677
40.5	41.5	41 18	segments	41	segments	18	2	1726
41.5	42.5	42 18	segments	42	segments	18	2	1775
42.5	43.5	43 18	segments	43	segments	18	2	1824
43.5	44.5	44 18	segments	44	segments	18	2	1873
44.5	45.5	45 18	segments	45	segments	18	2	1922
45.5	46.5	46 18	segments	46	segments	18	2	1971
46.5	47.5	47 18	segments	47	segments	18	2	2020
47.5	48.5	48 18	segments	48	segments	18	2	2069
48.5	49.5	49 18	segments	49	segments	18	2	2118
49.5	50.5	50 18	segments	50	segments	18	2	2216
0.5	1.5	1 19	segments	1	segments	19	2	11
1.5	2.5	2 19	segments	2	segments	19	2	551
2.5	3.5	3 19	segments	3	segments	19	2	1090
3.5	4.5	4 19	segments	4	segments	19	2	1629
4.5	5.5	5 19	segments	5	segments	19	2	2168
5.5	6.5	6 19	segments	6	segments	19	2	2266
6.5	7.5	7 19	segments	7	segments	19	2	2315
7.5	8.5	8 19	segments	8	segments	19	2	2364
8.5	9.5	9 19	segments	9	segments	19	2	2413
9.5	10.5	10 19	segments	10	segments	19	2	60
10.5	11.5	11 19	segments	11	segments	19	2	109
11.5	12.5	12 19	segments	12	segments	19	2	158
12.5	13.5	13 19	segments	13	segments	19	2	207
13.5	14.5	14 19	segments	14	segments	19	2	256
14.5	15.5	15 19	segments	15	segments	19	2	305
15.5	16.5	16 19	segments	16	segments	19	2	354
16.5	17.5	17 19	segments	17	segments	19	2	403
17.5	18.5	18 19	segments	18	segments	19	2	452
18.5	19.5	1	segments	19	segments	19	2	1
19.5	20.5	20 19	segments	20	segments	19	2	600
20.5	21.5	21 19	segments	21	segments	19	2	649
21.5	22.5	22 19	segments	22	segments	19	2	698
22.5	23.5	23 19	segments	23	segments	19	2	747
23.5	24.5	24 19	segments	24	segments	19	2	796
24.5	25.5	25 19	segments	25	segments	19	2	845
25.5	26.5	26 19	segments	26	segments	19	2	894
26.5	27.5	27 19	segments	27	segments	19	2	943
27.5	28.5	28 19	segments	28	segments	19	2	992
28.5	29.5	29 19	segments	29	segments	19	2	1041
29.5	30.5	30 19	segments	30	segments	19	2	1139
30.5	31.5	31 19	segments	31	segments	19	2	1188
31.5	32.5	32 19	segments	32	segments	19	2	1237
32.5	33.5	33 19	segments	33	segments	19	2	1286
33.5	34.5	34 19	segments	34	segments	19	2	1335
34.5	35.5	35 19	segments	35	segments	19	2	1384
35.5	36.5	36 19	segments	36	segments	19	2	1433
36.5	37.5	37 19	segments	37	segments	19	2	1482
37.5	38.5	38 19	segments	38	segments	19	2	1531
38.5	39.5	39 19	segments	39	segments	19	2	1580
39.5	40.5	40 19	segments	40	segments	19	2	1678
40.5	41.5	41 19	segments	41	segments	19	2	1727
41.5	42.5	42 19	segments	42	segments	19	2	1776
42.5	43.5	43 19	segments	43	segments	19	2	1825
43.5	44.5	44 19	segments	44	segments	19	2	1874
44.5	45.5	45 19	segments	45	segments	19	2	1923
45.5	46.5	46 19	segments	46	segments	19	2	1972
46.5	47.5	47 19	segments	47	segments	19	2	2021
47.5	48.5	48 19	segments	48	segments	19	2	2070
48.5	49.5	49 19	segments	49	segments	19	2	2119
49.5	50.5	50 19	segments	50	segments	19	2	2217
0.5	1.5	1 20	segments	1	segments	20	2	13
1.5	2.5	2 20	segments	2	segments	20	2	552
2.5	3.5	3 20	segments	3	segments	20	2	1092
3.5	4.5	4 20	segments	4	segments	20	2	1631
4.5	5.5	5 20	segments	5	segments	20	2	2170
5.5	6.5	6 20	segments	6	segments	20	2	2268
6.5	7.5	7 20	segments	7	segments	20	2	2317
7.5	8.5	8 20	segments	8	segments	20	2	2366
8.5	9.5	9 20	segments	9	segments	20	2	2415
9.5	10.5	10 20	segments	10	segments	20	2	62
10.5	11.5	11 20	segments	11	segments	20	2	111
11.5	12.5	12 20	segments	12	segments	20	2	160
12.5	13.5	13 20	segments	13	segments	20	2	209
13.5	14.5	14 20	segments	14	segments	20	2	258
14.5	15.5	15 20	segments	15	segments	20	2	307
15.5	16.5	16 20	segments	16	segments	20	2	356
16.5	17.5	17 20	segments	17	segments	20	2	405
17.5	18.5	18 20	segments	18	segments	20	2	454
18.5	19.5	19 20	segments	19	segments	20	2	503
19.5	20.5	1	segments	20	segments	20	2	1
20.5	21.5	21 20	segments	21	segments	20	2	651
21.5	22.5	22 20	segments	22	segments	20	2	700
22.5	23.5	23 20	segments	23	segments	20	2	749
23.5	24.5	24 20	segments	24	segments	20	2	798
24.5	25.5	25 20	segments	25	segments	20	2	847
25.5	26.5	26 20	segments	26	segments	20	2	896
26.5	27.5	27 20	segments	27	segments	20	2	945
27.5	28.5	28 20	segments	28	segments	20	2	994
28.5	29.5	29 20	segments	29	segments	20	2	1043
29.5	30.5	30 20	segments	30	segments	20	2	1141
30.5	31.5	31 20	segments	31	segments	20	2	1190
31.5	32.5	32 20	segments	32	segments	20	2	1239
32.5	33.5	33 20	segments	33	segments	20	2	1288
33.5	34.5	34 20	segments	34	segments	20	2	1337
34.5	35.5	35 20	segments	35	segments	20	2	1386
35.5	36.5	36 20	segments	36	segments	20	2	1435
36.5	37.5	37 20	segments	37	segments	20	2	1484
37.5	38.5	38 20	segments	38	segments	20	2	1533
38.5	39.5	39 20	segments	39	segments	20	2	1582
39.5	40.5	40 20	segments	40	segments	20	2	1680
40.5	41.5	41 20	segments	41	segments	20	2	1729
41.5	42.5	42 20	segments	42	segments	20	2	1778
42.5	43.5	43 20	segments	43	segments	20	2	1827
43.5	44.5	44 20	segments	44	segments	20	2	1876
44.5	45.5	45 20	segments	45	segments	20	2	1925
45.5	46.5	46 20	segments	46	segments	20	2	1974
46.5	47.5	47 20	segments	47	segments	20	2	2023
47.5	48.5	48 20	segments	48	segments	20	2	2072
48.5	49.5	49 20	segments	49	segments	20	2	2121
49.5	50.5	50 20	segments	50	segments	20	2	2219
0.5	1.5	1 21	segments	1	segments	21	2	14
1.5	2.5	2 21	segments	2	segments	21	2	553
2.5	3.5	3 21	segments	3	segments	21	2	1093
3.5	4.5	4 21	segments	4	segments	21	2	1632
4.5	5.5	5 21	segments	5	segments	21	2	2171
5.5	6.5	6 21	segments	6	segments	21	2	2269
6.5	7.5	7 21	segments	7	segments	21	2	2318
7.5	8.5	8 21	segments	8	segments	21	2	2367
8.5	9.5	9 21	segments	9	segments	21	2	2416
9.5	10.5	10 21	segments	10	segments	21	2	63
10.5	11.5	11 21	segments	11	segments	21	2	112
11.5	12.5	12 21	segments	12	segments	21	2	161
12.5	13.5	13 21	segments	13	segments	21	2	210
13.5	14.5	14 21	segments	14	segments	21	2	259
14.5	15.5	15 21	segments	15	segments	21	2	308
15.5	16.5	16 21	segments	16	segments	21	2	357
16.5	17.5	17 21	segments	17	segments	21	2	406
17.5	18.5	18 21	segments	18	segments	21	2	455
18.5	19.5	19 21	segments	19	segments	21	2	504
19.5	20.5	20 21	segments	20	segments	21	2	602
20.5	21.5	1	segments	21	segments	21	2	1
21.5	22.5	22 21	segments	22	segments	21	2	701
22.5	23.5	23 21	segments	23	segments	21	2	750
23.5	24.5	24 21	segments	24	segments	21	2	799
24.5	25.5	25 21	segments	25	segments	21	2	848
25.5	26.5	26 21	segments	26	segments	21	2	897
26.5	27.5	27 21	segments	27	segments	21	2	946
27.5	28.5	28 21	segments	28	segments	21	2	995
28.5	29.5	29 21	segments	29	segments	21	2	1044
29.5	30.5	30 21	segments	30	segments	21	2	1142
30.5	31.5	31 21	segments	31	segments	21	2	1191
31.5	32.5	32 21	segments	32	segments	21	2	1240
32.5	33.5	33 21	segments	33	segments	21	2	1289
33.5	34.5	34 21	segments	34	segments	21	2	1338
34.5	35.5	35 21	segments	35	segments	21	2	1387
35.5	36.5	36 21	segments	36	segments	21	2	1436
36.5	37.5	37 21	segments	37	segments	21	2	1485
37.5	38.5	38 21	segments	38	segments	21	2	1534
38.5	39.5	39 21	segments	39	segments	21	2	1583
39.5	40.5	40 21	segments	40	segments	21	2	1681
40.5	41.5	41 21	segments	41	segments	21	2	1730
41.5	42.5	42 21	segments	42	segments	21	2	1779
42.5	43.5	43 21	segments	43	segments	21	2	1828
43.5	44.5	44 21	segments	44	segments	21	2	1877
44.5	45.5	45 21	segments	45	segments	21	2	1926
45.5	46.5	46 21	segments	46	segments	21	2	1975
46.5	47.5	47 21	segments	47	segments	21	2	2024
47.5	48.5	48 21	segments	48	segments	21	2	2073
48.5	49.5	49 21	segments	49	segments	21	2	2122
49.5	50.5	50 21	segments	50	segments	21	2	2220
0.5	1.5	1 22	segments	1	segments	22	2	15
1.5	2.5	2 22	segments	2	segments	22	2	554
2.5	3.5	3 22	segments	3	segments	22	2	1094
3.5	4.5	4 22	segments	4	segments	22	2	1633
4.5	5.5	5 22	segments	5	segments	22	2	2172
5.5	6.5	6 22	segments	6	segments	22	2	2270
6.5	7.5	7 22	segments	7	segments	22	2	2319
7.5	8.5	8 22	segments	8	segments	22	2	2368
8.5	9.5	9 22	segments	9	segments	22	2	2417
9.5	10.5	10 22	segments	10	segments	22	2	64
10.5	11.5	11 22	segments	11	segments	22	2	113
11.5	12.5	12 22	segments	12	segments	22	2	162
12.5	13.5	13 22	segments	13	segments	22	2	211
13.5	14.5	14 22	segments	14	segments	22	2	260
14.5	15.5	15 22	segments	15	segments	22	2	309
15.5	16.5	16 22	segments	16	segments	22	2	358
16.5	17.5	17 22	segments	17	segments	22	2	407
17.5	18.5	18 22	segments	18	segments	22	2	456
18.5	19.5	19 22	segments	19	segments	22	2	505
19.5	20.5	20 22	segments	20	segments	22	2	603
20.5	21.5	21 22	segments	21	segments	22	2	652
21.5	22.5	1	segments	22	segments	22	2	1
22.5	23.5	23 22	segments	23	segments	22	2	751
23.5	24.5	24 22	segments	24	segments	22	2	800
24.5	25.5	25 22	segments	25	segments	22	2	849
25.5	26.5	26 22	segments	26	segments	22	2	898
26.5	27.5	27 22	segments	27	segments	22	2	947
27.5	28.5	28 22	segments	28	segments	22	2	996
28.5	29.5	29 22	segments	29	segments	22	2	1045
29.5	30.5	30 22	segments	30	segments	22	2	1143
30.5	31.5	31 22	segments	31	segments	22	2	1192
31.5	32.5	32 22	segments	32	segments	22	2	1241
32.5	33.5	33 22	segments	33	segments	22	2	1290
33.5	34.5	34 22	segments	34	segments	22	2	1339
34.5	35.5	35 22	segments	35	segments	22	2	1388
35.5	36.5	36 22	segments	36	segments	22	2	1437
36.5	37.5	37 22	segments	37	segments	22	2	1486
37.5	38.5	38 22	segments	38	segments	22	2	1535
38.5	39.5	39 22	segments	39	segments	22	2	1584
39.5	40.5	40 22	segments	40	segments	22	2	1682
40.5	41.5	41 22	segments	41	segments	22	2	1731
41.5	42.5	42 22	segments	42	segments	22	2	1780
42.5	43.5	43 22	segments	43	segments	22	2	1829
43.5	44.5	44 22	segments	44	segments	22	2	1878
44.5	45.5	45 22	segments	45	segments	22	2	1927
45.5	46.5	46 22	segments	46	segments	22	2	1976
46.5	47.5	47 22	segments	47	segments	22	2	2025
47.5	48.5	48 22	segments	48	segments	22	2	2074
48.5	49.5	49 22	segments	49	segments	22	2	2123
49.5	50.5	50 22	segments	50	segments	22	2	2221
0.5	1.5	1 23	segments	1	segments	23	2	16
1.5	2.5	2 23	segments	2	segments	23	2	555
2.5	3.5	3 23	segments	3	segments	23	2	1095
3.5	4.5	4 23	segments	4	segments	23	2	1634
4.5	5.5	5 23	segments	5	segments	23	2	2173
5.5	6.5	6 23	segments	6	segments	23	2	2271
6.5	7.5	7 23	segments	7	segments	23	2	2320
7.5	8.5	8 23	segments	8	segments	23	2	2369
8.5	9.5	9 23	segments	9	segments	23	2	2418
9.5	10.5	10 23	segments	10	segments	23	2	65
10.5	11.5	11 23	segments	11	segments	23	2	114
11.5	12.5	12 23	segments	12	segments	23	2	163
12.5	13.5	13 23	segments	13	segments	23	2	212
13.5	14.5	14 23	segments	14	segments	23	2	261
14.5	15.5	15 23	segments	15	segments	23	2	310
15.5	16.5	16 23	segments	16	segments	23	2	359
16.5	17.5	17 23	segments	17	segments	23	2	408
17.5	18.5	18 23	segments	18	segments	23	2	457
18.5	19.5	19 23	segments	19	segments	23	2	506
19.5	20.5	20 23	segments	20	segments	23	2	604
20.5	21.5	21 23	segments	21	segments	23	2	653
21.5	22.5	22 23	segments	22	segments	23	2	702
22.5	23.5	1	segments	23	segments	23	2	1
23.5	24.5	24 23	segments	24	segments	23	2	801
24.5	25.5	25 23	segments	25	segments	23	2	850
25.5	26.5	26 23	segments	26	segments	23	2	899
26.5	27.5	27 23	segments	27	segments	23	2	948
27.5	28.5	28 23	segments	28	segments	23	2	997
28.5	29.5	29 23	segments	29	segments	23	2	1046
29.5	30.5	30 23	segments	30	segments	23	2	1144
30.5	31.5	31 23	segments	31	segments	23	2	1193
31.5	32.5	32 23	segments	32	segments	23	2	1242
32.5	33.5	33 23	segments	33	segments	23	2	1291
33.5	34.5	34 23	segments	34	segments	23	2	1340
34.5	35.5	35 23	segments	35	segments	23	2	1389
35.5	36.5	36 23	segments	36	segments	23	2	1438
36.5	37.5	37 23	segments	37	segments	23	2	1487
37.5	38.5	38 23	segments	38	segments	23	2	1536
38.5	39.5	39 23	segments	39	segments	23	2	1585
39.5	40.5	40 23	segments	40	segments	23	2	1683
40.5	41.5	41 23	segments	41	segments	23	2	1732
41.5	42.5	42 23	segments	42	segments	23	2	1781
42.5	43.5	43 23	segments	43	segments	23	2	1830
43.5	44.5	44 23	segments	44	segments	23	2	1879
44.5	45.5	45 23	segments	45	segments	23	2	1928
45.5	46.5	46 23	segments	46	segments	23	2	1977
46.5	47.5	47 23	segments	47	segments	23	2	2026
47.5	48.5	48 23	segments	48	segments	23	2	2075
48.5	49.5	49 23	segments	49	segments	23	2	2124
49.5	50.5	50 23	segments	50	segments	23	2	2222
0.5	1.5	1 24	segments	1	segments	24	2	17
1.5	2.5	2 24	segments	2	segments	24	2	556
2.5	3.5	3 24	segments	3	segments	24	2	1096
3.5	4.5	4 24	segments	4	segments	24	2	1635
4.5	5.5	5 24	segments	5	segments	24	2	2174
5.5	6.5	6 24	segments	6	segments	24	2	2272
6.5	7.5	7 24	segments	7	segments	24	2	2321
7.5	8.5	8 24	segments	8	segments	24	2	2370
8.5	9.5	9 24	segments	9	segments	24	2	2419
9.5	10.5	10 24	segments	10	segments	24	2	66
10.5	11.5	11 24	segments	11	segments	24	2	115
11.5	12.5	12 24	segments	12	segments	24	2	164
12.5	13.5	13 24	segments	13	segments	24	2	213
13.5	14.5	14 24	segments	14	segments	24	2	262
14.5	15.5	15 24	segments	15	segments	24	2	311
15.5	16.5	16 24	segments	16	segments	24	2	360
16.5	17.5	17 24	segments	17	segments	24	2	409
17.5	18.5	18 24	segments	18	segments	24	2	458
18.5	19.5	19 24	segments	19	segments	24	2	507
19.5	20.5	20 24	segments	20	segments	24	2	605
20.5	21.5	21 24	segments	21	segments	24	2	654
21.5	22.5	22 24	segments	22	segments	24	2	703
22.5	23.5	23 24	segments	23	segments	24	2	752
23.5	24.5	1	segments	24	segments	24	2	1
24.5	25.5	25 24	segments	25	segments	24	2	851
25.5	26.5	26 24	segments	26	segments	24	2	900
26.5	27.5	27 24	segments	27	segments	24	2	949
27.5	28.5	28 24	segments	28	segments	24	2	998
28.5	29.5	29 24	segments	29	segments	24	2	1047
29.5	30.5	30 24	segments	30	segments	24	2	1145
30.5	31.5	31 24	segments	31	segments	24	2	1194
31.5	32.5	32 24	segments	32	segments	24	2	1243
32.5	33.5	33 24	segments	33	segments	24	2	1292
33.5	34.5	34 24	segments	34	segments	24	2	1341
34.5	35.5	35 24	segments	35	segments	24	2	1390
35.5	36.5	36 24	segments	36	segments	24	2	1439
36.5	37.5	37 24	segments	37	segments	24	2	1488
37.5	38.5	38 24	segments	38	segments	24	2	1537
38.5	39.5	39 24	segments	39	segments	24	2	1586
39.5	40.5	40 24	segments	40	segments	24	2	1684
40.5	41.5	41 24	segments	41	segments	24	2	1733
41.5	42.5	42 24	segments	42	segments	24	2	1782
42.5	43.5	43 24	segments	43	segments	24	2	1831
43.5	44.5	44 24	segments	44	segments	24	2	1880
44.5	45.5	45 24	segments	45	segments	24	2	1929
45.5	46.5	46 24	segments	46	segments	24	2	1978
46.5	47.5	47 24	segments	47	segments	24	2	2027
47.5	48.5	48 24	segments	48	segments	24	2	2076
48.5	49.5	49 24	segments	49	segments	24	2	2125
49.5	50.5	50 24	segments	50	segments	24	2	2223
0.5	1.5	1 25	segments	1	segments	25	2	18
1.5	2.5	2 25	segments	2	segments	25	2	557
2.5	3.5	3 25	segments	3	segments	25	2	1097
3.5	4.5	4 25	segments	4	segments	25	2	1636
4.5	5.5	5 25	segments	5	segments	25	2	2175
5.5	6.5	6 25	segments	6	segments	25	2	2273
6.5	7.5	7 25	segments	7	segments	25	2	2322
7.5	8.5	8 25	segments	8	segments	25	2	2371
8.5	9.5	9 25	segments	9	segments	25	2	2420
9.5	10.5	10 25	segments	10	segments	25	2	67
10.5	11.5	11 25	segments	11	segments	25	2	116
11.5	12.5	12 25	segments	12	segments	25	2	165
12.5	13.5	13 25	segments	13	segments	25	2	214
13.5	14.5	14 25	segments	14	segments	25	2	263
14.5	15.5	15 25	segments	15	segments	25	2	312
15.5	16.5	16 25	segments	16	segments	25	2	361
16.5	17.5	17 25	segments	17	segments	25	2	410
17.5	18.5	18 25	segments	18	segments	25	2	459
18.5	19.5	19 25	segments	19	segments	25	2	508
19.5	20.5	20 25	segments	20	segments	25	2	606
20.5	21.5	21 25	segments	21	segments	25	2	655
21.5	22.5	22 25	segments	22	segments	25	2	704
22.5	23.5	23 25	segments	23	segments	25	2	753
23.5	24.5	24 25	segments	24	segments	25	2	802
24.5	25.5	1	segments	25	segments	25	2	1
25.5	26.5	26 25	segments	26	segments	25	2	901
26.5	27.5	27 25	segments	27	segments	25	2	950
27.5	28.5	28 25	segments	28	segments	25	2	999
28.5	29.5	29 25	segments	29	segments	25	2	1048
29.5	30.5	30 25	segments	30	segments	25	2	1146
30.5	31.5	31 25	segments	31	segments	25	2	1195
31.5	32.5	32 25	segments	32	segments	25	2	1244
32.5	33.5	33 25	segments	33	segments	25	2	1293
33.5	34.5	34 25	segments	34	segments	25	2	1342
34.5	35.5	35 25	segments	35	segments	25	2	1391
35.5	36.5	36 25	segments	36	segments	25	2	1440
36.5	37.5	37 25	segments	37	segments	25	2	1489
37.5	38.5	38 25	segments	38	segments	25	2	1538
38.5	39.5	39 25	segments	39	segments	25	2	1587
39.5	40.5	40 25	segments	40	segments	25	2	1685
40.5	41.5	41 25	segments	41	segments	25	2	1734
41.5	42.5	42 25	segments	42	segments	25	2	1783
42.5	43.5	43 25	segments	43	segments	25	2	1832
43.5	44.5	44 25	segments	44	segments	25	2	1881
44.5	45.5	45 25	segments	45	segments	25	2	1930
45.5	46.5	46 25	segments	46	segments	25	2	1979
46.5	47.5	47 25	segments	47	segments	25	2	2028
47.5	48.5	48 25	segments	48	segments	25	2	2077
48.5	49.5	49 25	segments	49	segments	25	2	2126
49.5	50.5	50 25	segments	50	segments	25	2	2224
0.5	1.5	1 26	segments	1	segments	26	2	19
1.5	2.5	2 26	segments	2	segments	26	2	558
2.5	3.5	3 26	segments	3	segments	26	2	1098
3.5	4.5	4 26	segments	4	segments	26	2	1637
4.5	5.5	5 26	segments	5	segments	26	2	2176
5.5	6.5	6 26	segments	6	segments	26	2	2274
6.5	7.5	7 26	segments	7	segments	26	2	2323
7.5	8.5	8 26	segments	8	segments	26	2	2372
8.5	9.5	9 26	segments	9	segments	26	2	2421
9.5	10.5	10 26	segments	10	segments	26	2	68
10.5	11.5	11 26	segments	11	segments	26	2	117
11.5	12.5	12 26	segments	12	segments	26	2	166
12.5	13.5	13 26	segments	13	segments	26	2	215
13.5	14.5	14 26	segments	14	segments	26	2	264
14.5	15.5	15 26	segments	15	segments	26	2	313
15.5	16.5	16 26	segments	16	segments	26	2	362
16.5	17.5	17 26	segments	17	segments	26	2	411
17.5	18.5	18 26	segments	18	segments	26	2	460
18.5	19.5	19 26	segments	19	segments	26	2	509
19.5	20.5	20 26	segments	20	segments	26	2	607
20.5	21.5	21 26	segments	21	segments	26	2	656
21.5	22.5	22 26	segments	22	segments	26	2	705
22.5	23.5	23 26	segments	23	segments	26	2	754
23.5	24.5	24 26	segments	24	segments	26	2	803
24.5	25.5	25 26	segments	25	segments	26	2	852
25.5	26.5	1	segments	26	segments	26	2	1
26.5	27.5	27 26	segments	27	segments	26	2	951
27.5	28.5	28 26	segments	28	segments	26	2	1000
28.5	29.5	29 26	segments	29	segments	26	2	1049
29.5	30.5	30 26	segments	30	segments	26	2	1147
30.5	31.5	31 26	segments	31	segments	26	2	1196
31.5	32.5	32 26	segments	32	segments	26	2	1245
32.5	33.5	33 26	segments	33	segments	26	2	1294
33.5	34.5	34 26	segments	34	segments	26	2	1343
34.5	35.5	35 26	segments	35	segments	26	2	1392
35.5	36.5	36 26	segments	36	segments	26	2	1441
36.5	37.5	37 26	segments	37	segments	26	2	1490
37.5	38.5	38 26	segments	38	segments	26	2	1539
38.5	39.5	39 26	segments	39	segments	26	2	1588
39.5	40.5	40 26	segments	40	segments	26	2	1686
40.5	41.5	41 26	segments	41	segments	26	2	1735
41.5	42.5	42 26	segments	42	segments	26	2	1784
42.5	43.5	43 26	segments	43	segments	26	2	1833
43.5	44.5	44 26	segments	44	segments	26	2	1882
44.5	45.5	45 26	segments	45	segments	26	2	1931
45.5	46.5	46 26	segments	46	segments	26	2	1980
46.5	47.5	47 26	segments	47	segments	26	2	2029
47.5	48.5	48 26	segments	48	segments	26	2	2078
48.5	49.5	49 26	segments	49	segments	26	2	2127
49.5	50.5	50 26	segments	50	segments	26	2	2225
0.5	1.5	1 27	segments	1	segments	27	2	20
1.5	2.5	2 27	segments	2	segments	27	2	559
2.5	3.5	3 27	segments	3	segments	27	2	1099
3.5	4.5	4 27	segments	4	segments	27	2	1638
4.5	5.5	5 27	segments	5	segments	27	2	2177
5.5	6.5	6 27	segments	6	segments	27	2	2275
6.5	7.5	7 27	segments	7	segments	27	2	2324
7.5	8.5	8 27	segments	8	segments	27	2	2373
8.5	9.5	9 27	segments	9	segments	27	2	2422
9.5	10.5	10 27	segments	10	segments	27	2	69
10.5	11.5	11 27	segments	11	segments	27	2	118
11.5	12.5	12 27	segments	12	segments	27	2	167
12.5	13.5	13 27	segments	13	segments	27	2	216
13.5	14.5	14 27	segments	14	segments	27	2	265
14.5	15.5	15 27	segments	15	segments	27	2	314
15.5	16.5	16 27	segments	16	segments	27	2	363
16.5	17.5	17 27	segments	17	segments	27	2	412
17.5	18.5	18 27	segments	18	segments	27	2	461
18.5	19.5	19 27	segments	19	segments	27	2	510
19.5	20.5	20 27	segments	20	segments	27	2	608
20.5	21.5	21 27	segments	21	segments	27	2	657
21.5	22.5	22 27	segments	22	segments	27	2	706
22.5	23.5	23 27	segments	23	segments	27	2	755
23.5	24.5	24 27	segments	24	segments	27	2	804
24.5	25.5	25 27	segments	25	segments	27	2	853
25.5	26.5	26 27	segments	26	segments	27	2	902
26.5	27.5	1	segments	27	segments	27	2	1
27.5	28.5	28 27	segments	28	segments	27	2	1001
28.5	29.5	29 27	segments	29	segments	27	2	1050
29.5	30.5	30 27	segments	30	segments	27	2	1148
30.5	31.5	31 27	segments	31	segments	27	2	1197
31.5	32.5	32 27	segments	32	segments	27	2	1246
32.5	33.5	33 27	segments	33	segments	27	2	1295
33.5	34.5	34 27	segments	34	segments	27	2	1344
34.5	35.5	35 27	segments	35	segments	27	2	1393
35.5	36.5	36 27	segments	36	segments	27	2	1442
36.5	37.5	37 27	segments	37	segments	27	2	1491
37.5	38.5	38 27	segments	38	segments	27	2	1540
38.5	39.5	39 27	segments	39	segments	27	2	1589
39.5	40.5	40 27	segments	40	segments	27	2	1687
40.5	41.5	41 27	segments	41	segments	27	2	1736
41.5	42.5	42 27	segments	42	segments	27	2	1785
42.5	43.5	43 27	segments	43	segments	27	2	1834
43.5	44.5	44 27	segments	44	segments	27	2	1883
44.5	45.5	45 27	segments	45	segments	27	2	1932
45.5	46.5	46 27	segments	46	segments	27	2	1981
46.5	47.5	47 27	segments	47	segments	27	2	2030
47.5	48.5	48 27	segments	48	segments	27	2	2079
48.5	49.5	49 27	segments	49	segments	27	2	2128
49.5	50.5	50 27	segments	50	segments	27	2	2226
0.5	1.5	1 28	segments	1	segments	28	2	21
1.5	2.5	2 28	segments	2	segments	28	2	560
2.5	3.5	3 28	segments	3	segments	28	2	1100
3.5	4.5	4 28	segments	4	segments	28	2	1639
4.5	5.5	5 28	segments	5	segments	28	2	2178
5.5	6.5	6 28	segments	6	segments	28	2	2276
6.5	7.5	7 28	segments	7	segments	28	2	2325
7.5	8.5	8 28	segments	8	segments	28	2	2374
8.5	9.5	9 28	segments	9	segments	28	2	2423
9.5	10.5	10 28	segments	10	segments	28	2	70
10.5	11.5	11 28	segments	11	segments	28	2	119
11.5	12.5	12 28	segments	12	segments	28	2	168
12.5	13.5	13 28	segments	13	segments	28	2	217
13.5	14.5	14 28	segments	14	segments	28	2	266
14.5	15.5	15 28	segments	15	segments	28	2	315
15.5	16.5	16 28	segments	16	segments	28	2	364
16.5	17.5	17 28	segments	17	segments	28	2	413
17.5	18.5	18 28	segments	18	segments	28	2	462
18.5	19.5	19 28	segments	19	segments	28	2	511
19.5	20.5	20 28	segments	20	segments	28	2	609
20.5	21.5	21 28	segments	21	segments	28	2	658
21.5	22.5	22 28	segments	22	segments	28	2	707
22.5	23.5	23 28	segments	23	segments	28	2	756
23.5	24.5	24 28	segments	24	segments	28	2	805
24.5	25.5	25 28	segments	25	segments	28	2	854
25.5	26.5	26 28	segments	26	segments	28	2	903
26.5	27.5	27 28	segments	27	segments	28	2	952
27.5	28.5	1	segments	28	segments	28	2	1
28.5	29.5	29 28	segments	29	segments	28	2	1051
29.5	30.5	30 28	segments	30	segments	28	2	1149
30.5	31.5	31 28	segments	31	segments	28	2	1198
31.5	32.5	32 28	segments	32	segments	28	2	1247
32.5	33.5	33 28	segments	33	segments	28	2	1296
33.5	34.5	34 28	segments	34	segments	28	2	1345
34.5	35.5	35 28	segments	35	segments	28	2	1394
35.5	36.5	36 28	segments	36	segments	28	2	1443
36.5	37.5	37 28	segments	37	segments	28	2	1492
37.5	38.5	38 28	segments	38	segments	28	2	1541
38.5	39.5	39 28	segments	39	segments	28	2	1590
39.5	40.5	40 28	segments	40	segments	28	2	1688
40.5	41.5	41 28	segments	41	segments	28	2	1737
41.5	42.5	42 28	segments	42	segments	28	2	1786
42.5	43.5	43 28	segments	43	segments	28	2	1835
43.5	44.5	44 28	segments	44	segments	28	2	1884
44.5	45.5	45 28	segments	45	segments	28	2	1933
45.5	46.5	46 28	segments	46	segments	28	2	1982
46.5	47.5	47 28	segments	47	segments	28	2	2031
47.5	48.5	48 28	segments	48	segments	28	2	2080
48.5	49.5	49 28	segments	49	segments	28	2	2129
49.5	50.5	50 28	segments	50	segments	28	2	2227
0.5	1.5	1 29	segments	1	segments	29	2	22
1.5	2.5	2 29	segments	2	segments	29	2	561
2.5	3.5	3 29	segments	3	segments	29	2	1101
3.5	4.5	4 29	segments	4	segments	29	2	1640
4.5	5.5	5 29	segments	5	segments	29	2	2179
5.5	6.5	6 29	segments	6	segments	29	2	2277
6.5	7.5	7 29	segments	7	segments	29	2	2326
7.5	8.5	8 29	segments	8	segments	29	2	2375
8.5	9.5	9 29	segments	9	segments	29	2	2424
9.5	10.5	10 29	segments	10	segments	29	2	71
10.5	11.5	11 29	segments	11	segments	29	2	120
11.5	12.5	12 29	segments	12	segments	29	2	169
12.5	13.5	13 29	segments	13	segments	29	2	218
13.5	14.5	14 29	segments	14	segments	29	2	267
14.5	15.5	15 29	segments	15	segments	29	2	316
15.5	16.5	16 29	segments	16	segments	29	2	365
16.5	17.5	17 29	segments	17	segments	29	2	414
17.5	18.5	18 29	segments	18	segments	29	2	463
18.5	19.5	19 29	segments	19	segments	29	2	512
19.5	20.5	20 29	segments	20	segments	29	2	610
20.5	21.5	21 29	segments	21	segments	29	2	659
21.5	22.5	22 29	segments	22	segments	29	2	708
22.5	23.5	23 29	segments	23	segments	29	2	757
23.5	24.5	24 29	segments	24	segments	29	2	806
24.5	25.5	25 29	segments	25	segments	29	2	855
25.5	26.5	26 29	segments	26	segments	29	2	904
26.5	27.5	27 29	segments	27	segments	29	2	953
27.5	28.5	28 29	segments	28	segments	29	2	1002
28.5	29.5	1	segments	29	segments	29	2	1
29.5	30.5	30 29	segments	30	segments	29	2	1150
30.5	31.5	31 29	segments	31	segments	29	2	1199
31.5	32.5	32 29	segments	32	segments	29	2	1248
32.5	33.5	33 29	segments	33	segments	29	2	1297
33.5	34.5	34 29	segments	34	segments	29	2	1346
34.5	35.5	35 29	segments	35	segments	29	2	1395
35.5	36.5	36 29	segments	36	segments	29	2	1444
36.5	37.5	37 29	segments	37	segments	29	2	1493
37.5	38.5	38 29	segments	38	segments	29	2	1542
38.5	39.5	39 29	segments	39	segments	29	2	1591
39.5	40.5	40 29	segments	40	segments	29	2	1689
40.5	41.5	41 29	segments	41	segments	29	2	1738
41.5	42.5	42 29	segments	42	segments	29	2	1787
42.5	43.5	43 29	segments	43	segments	29	2	1836
43.5	44.5	44 29	segments	44	segments	29	2	1885
44.5	45.5	45 29	segments	45	segments	29	2	1934
45.5	46.5	46 29	segments	46	segments	29	2	1983
46.5	47.5	47 29	segments	47	segments	29	2	2032
47.5	48.5	48 29	segments	48	segments	29	2	2081
48.5	49.5	49 29	segments	49	segments	29	2	2130
49.5	50.5	50 29	segments	50	segments	29	2	2228
0.5	1.5	1 30	segments	1	segments	30	2	24
1.5	2.5	2 30	segments	2	segments	30	2	563
2.5	3.5	3 30	segments	3	segments	30	2	1102
3.5	4.5	4 30	segments	4	segments	30	2	1642
4.5	5.5	5 30	segments	5	segments	30	2	2181
5.5	6.5	6 30	segments	6	segments	30	2	2279
6.5	7.5	7 30	segments	7	segments	30	2	2328
7.5	8.5	8 30	segments	8	segments	30	2	2377
8.5	9.5	9 30	segments	9	segments	30	2	2426
9.5	10.5	10 30	segments	10	segments	30	2	73
10.5	11.5	11 30	segments	11	segments	30	2	122
11.5	12.5	12 30	segments	12	segments	30	2	171
12.5	13.5	13 30	segments	13	segments	30	2	220
13.5	14.5	14 30	segments	14	segments	30	2	269
14.5	15.5	15 30	segments	15	segments	30	2	318
15.5	16.5	16 30	segments	16	segments	30	2	367
16.5	17.5	17 30	segments	17	segments	30	2	416
17.5	18.5	18 30	segments	18	segments	30	2	465
18.5	19.5	19 30	segments	19	segments	30	2	514
19.5	20.5	20 30	segments	20	segments	30	2	612
20.5	21.5	21 30	segments	21	segments	30	2	661
21.5	22.5	22 30	segments	22	segments	30	2	710
22.5	23.5	23 30	segments	23	segments	30	2	759
23.5	24.5	24 30	segments	24	segments	30	2	808
24.5	25.5	25 30	segments	25	segments	30	2	857
25.5	26.5	26 30	segments	26	segments	30	2	906
26.5	27.5	27 30	segments	27	segments	30	2	955
27.5	28.5	28 30	segments	28	segments	30	2	1004
28.5	29.5	29 30	segments	29	segments	30	2	1053
29.5	30.5	1	segments	30	segments	30	2	1
30.5	31.5	31 30	segments	31	segments	30	2	1201
31.5	32.5	32 30	segments	32	segments	30	2	1250
32.5	33.5	33 30	segments	33	segments	30	2	1299
33.5	34.5	34 30	segments	34	segments	30	2	1348
34.5	35.5	35 30	segments	35	segments	30	2	1397
35.5	36.5	36 30	segments	36	segments	30	2	1446
36.5	37.5	37 30	segments	37	segments	30	2	1495
37.5	38.5	38 30	segments	38	segments	30	2	1544
38.5	39.5	39 30	segments	39	segments	30	2	1593
39.5	40.5	40 30	segments	40	segments	30	2	1691
40.5	41.5	41 30	segments	41	segments	30	2	1740
41.5	42.5	42 30	segments	42	segments	30	2	1789
42.5	43.5	43 30	segments	43	segments	30	2	1838
43.5	44.5	44 30	segments	44	segments	30	2	1887
44.5	45.5	45 30	segments	45	segments	30	2	1936
45.5	46.5	46 30	segments	46	segments	30	2	1985
46.5	47.5	47 30	segments	47	segments	30	2	2034
47.5	48.5	48 30	segments	48	segments	30	2	2083
48.5	49.5	49 30	segments	49	segments	30	2	2132
49.5	50.5	50 30	segments	50	segments	30	2	2230
0.5	1.5	1 31	segments	1	segments	31	2	25
1.5	2.5	2 31	segments	2	segments	31	2	564
2.5	3.5	3 31	segments	3	segments	31	2	1103
3.5	4.5	4 31	segments	4	segments	31	2	1643
4.5	5.5	5 31	segments	5	segments	31	2	2182
5.5	6.5	6 31	segments	6	segments	31	2	2280
6.5	7.5	7 31	segments	7	segments	31	2	2329
7.5	8.5	8 31	segments	8	segments	31	2	2378
8.5	9.5	9 31	segments	9	segments	31	2	2427
9.5	10.5	10 31	segments	10	segments	31	2	74
10.5	11.5	11 31	segments	11	segments	31	2	123
11.5	12.5	12 31	segments	12	segments	31	2	172
12.5	13.5	13 31	segments	13	segments	31	2	221
13.5	14.5	14 31	segments	14	segments	31	2	270
14.5	15.5	15 31	segments	15	segments	31	2	319
15.5	16.5	16 31	segments	16	segments	31	2	368
16.5	17.5	17 31	segments	17	segments	31	2	417
17.5	18.5	18 31	segments	18	segments	31	2	466
18.5	19.5	19 31	segments	19	segments	31	2	515
19.5	20.5	20 31	segments	20	segments	31	2	613
20.5	21.5	21 31	segments	21	segments	31	2	662
21.5	22.5	22 31	segments	22	segments	31	2	711
22.5	23.5	23 31	segments	23	segments	31	2	760
23.5	24.5	24 31	segments	24	segments	31	2	809
24.5	25.5	25 31	segments	25	segments	31	2	858
25.5	26.5	26 31	segments	26	segments	31	2	907
26.5	27.5	27 31	segments	27	segments	31	2	956
27.5	28.5	28 31	segments	28	segments	31	2	1005
28.5	29.5	29 31	segments	29	segments	31	2	1054
29.5	30.5	30 31	segments	30	segments	31	2	1152
30.5	31.5	1	segments	31	segments	31	2	1
31.5	32.5	32 31	segments	32	segments	31	2	1251
32.5	33.5	33 31	segments	33	segments	31	2	1300
33.5	34.5	34 31	segments	34	segments	31	2	1349
34.5	35.5	35 31	segments	35	segments	31	2	1398
35.5	36.5	36 31	segments	36	segments	31	2	1447
36.5	37.5	37 31	segments	37	segments	31	2	1496
37.5	38.5	38 31	segments	38	segments	31	2	1545
38.5	39.5	39 31	segments	39	segments	31	2	1594
39.5	40.5	40 31	segments	40	segments	31	2	1692
40.5	41.5	41 31	segments	41	segments	31	2	1741
41.5	42.5	42 31	segments	42	segments	31	2	1790
42.5	43.5	43 31	segments	43	segments	31	2	1839
43.5	44.5	44 31	segments	44	segments	31	2	1888
44.5	45.5	45 31	segments	45	segments	31	2	1937
45.5	46.5	46 31	segments	46	segments	31	2	1986
46.5	47.5	47 31	segments	47	segments	31	2	2035
47.5	48.5	48 31	segments	48	segments	31	2	2084
48.5	49.5	49 31	segments	49	segments	31	2	2133
49.5	50.5	50 31	segments	50	segments	31	2	2231
0.5	1.5	1 32	segments	1	segments	32	2	26
1.5	2.5	2 32	segments	2	segments	32	2	565
2.5	3.5	3 32	segments	3	segments	32	2	1104
3.5	4.5	4 32	segments	4	segments	32	2	1644
4.5	5.5	5 32	segments	5	segments	32	2	2183
5.5	6.5	6 32	segments	6	segments	32	2	2281
6.5	7.5	7 32	segments	7	segments	32	2	2330
7.5	8.5	8 32	segments	8	segments	32	2	2379
8.5	9.5	9 32	segments	9	segments	32	2	2428
9.5	10.5	10 32	segments	10	segments	32	2	75
10.5	11.5	11 32	segments	11	segments	32	2	124
11.5	12.5	12 32	segments	12	segments	32	2	173
12.5	13.5	13 32	segments	13	segments	32	2	222
13.5	14.5	14 32	segments	14	segments	32	2	271
14.5	15.5	15 32	segments	15	segments	32	2	320
15.5	16.5	16 32	segments	16	segments	32	2	369
16.5	17.5	17 32	segments	17	segments	32	2	418
17.5	18.5	18 32	segments	18	segments	32	2	467
18.5	19.5	19 32	segments	19	segments	32	2	516
19.5	20.5	20 32	segments	20	segments	32	2	614
20.5	21.5	21 32	segments	21	segments	32	2	663
21.5	22.5	22 32	segments	22	segments	32	2	712
22.5	23.5	23 32	segments	23	segments	32	2	761
23.5	24.5	24 32	segments	24	segments	32	2	810
24.5	25.5	25 32	segments	25	segments	32	2	859
25.5	26.5	26 32	segments	26	segments	32	2	908
26.5	27.5	27 32	segments	27	segments	32	2	957
27.5	28.5	28 32	segments	28	segments	32	2	1006
28.5	29.5	29 32	segments	29	segments	32	2	1055
29.5	30.5	30 32	segments	30	segments	32	2	1153
30.5	31.5	31 32	segments	31	segments	32	2	1202
31.5	32.5	1	segments	32	segments	32	2	1
32.5	33.5	33 32	segments	33	segments	32	2	1301
33.5	34.5	34 32	segments	34	segments	32	2	1350
34.5	35.5	35 32	segments	35	segments	32	2	1399
35.5	36.5	36 32	segments	36	segments	32	2	1448
36.5	37.5	37 32	segments	37	segments	32	2	1497
37.5	38.5	38 32	segments	38	segments	32	2	1546
38.5	39.5	39 32	segments	39	segments	32	2	1595
39.5	40.5	40 32	segments	40	segments	32	2	1693
40.5	41.5	41 32	segments	41	segments	32	2	1742
41.5	42.5	42 32	segments	42	segments	32	2	1791
42.5	43.5	43 32	segments	43	segments	32	2	1840
43.5	44.5	44 32	segments	44	segments	32	2	1889
44.5	45.5	45 32	segments	45	segments	32	2	1938
45.5	46.5	46 32	segments	46	segments	32	2	1987
46.5	47.5	47 32	segments	47	segments	32	2	2036
47.5	48.5	48 32	segments	48	segments	32	2	2085
48.5	49.5	49 32	segments	49	segments	32	2	2134
49.5	50.5	50 32	segments	50	segments	32	2	2232
0.5	1.5	1 33	segments	1	segments	33	2	27
1.5	2.5	2 33	segments	2	segments	33	2	566
2.5	3.5	3 33	segments	3	segments	33	2	1105
3.5	4.5	4 33	segments	4	segments	33	2	1645
4.5	5.5	5 33	segments	5	segments	33	2	2184
5.5	6.5	6 33	segments	6	segments	33	2	2282
6.5	7.5	7 33	segments	7	segments	33	2	2331
7.5	8.5	8 33	segments	8	segments	33	2	2380
8.5	9.5	9 33	segments	9	segments	33	2	2429
9.5	10.5	10 33	segments	10	segments	33	2	76
10.5	11.5	11 33	segments	11	segments	33	2	125
11.5	12.5	12 33	segments	12	segments	33	2	174
12.5	13.5	13 33	segments	13	segments	33	2	223
13.5	14.5	14 33	segments	14	segments	33	2	272
14.5	15.5	15 33	segments	15	segments	33	2	321
15.5	16.5	16 33	segments	16	segments	33	2	370
16.5	17.5	17 33	segments	17	segments	33	2	419
17.5	18.5	18 33	segments	18	segments	33	2	468
18.5	19.5	19 33	segments	19	segments	33	2	517
19.5	20.5	20 33	segments	20	segments	33	2	615
20.5	21.5	21 33	segments	21	segments	33	2	664
21.5	22.5	22 33	segments	22	segments	33	2	713
22.5	23.5	23 33	segments	23	segments	33	2	762
23.5	24.5	24 33	segments	24	segments	33	2	811
24.5	25.5	25 33	segments	25	segments	33	2	860
25.5	26.5	26 33	segments	26	segments	33	2	909
26.5	27.5	27 33	segments	27	segments	33	2	958
27.5	28.5	28 33	segments	28	segments	33	2	1007
28.5	29.5	29 33	segments	29	segments	33	2	1056
29.5	30.5	30 33	segments	30	segments	33	2	1154
30.5	31.5	31 33	segments	31	segments	33	2	1203
31.5	32.5	32 33	segments	32	segments	33	2	1252
32.5	33.5	1	segments	33	segments	33	2	1
33.5	34.5	34 33	segments	34	segments	33	2	1351
34.5	35.5	35 33	segments	35	segments	33	2	1400
35.5	36.5	36 33	segments	36	segments	33	2	1449
36.5	37.5	37 33	segments	37	segments	33	2	1498
37.5	38.5	38 33	segments	38	segments	33	2	1547
38.5	39.5	39 33	segments	39	segments	33	2	1596
39.5	40.5	40 33	segments	40	segments	33	2	1694
40.5	41.5	41 33	segments	41	segments	33	2	1743
41.5	42.5	42 33	segments	42	segments	33	2	1792
42.5	43.5	43 33	segments	43	segments	33	2	1841
43.5	44.5	44 33	segments	44	segments	33	2	1890
44.5	45.5	45 33	segments	45	segments	33	2	1939
45.5	46.5	46 33	segments	46	segments	33	2	1988
46.5	47.5	47 33	segments	47	segments	33	2	2037
47.5	48.5	48 33	segments	48	segments	33	2	2086
48.5	49.5	49 33	segments	49	segments	33	2	2135
49.5	50.5	50 33	segments	50	segments	33	2	2233
0.5	1.5	1 34	segments	1	segments	34	2	28
1.5	2.5	2 34	segments	2	segments	34	2	567
2.5	3.5	3 34	segments	3	segments	34	2	1106
3.5	4.5	4 34	segments	4	segments	34	2	1646
4.5	5.5	5 34	segments	5	segments	34	2	2185
5.5	6.5	6 34	segments	6	segments	34	2	2283
6.5	7.5	7 34	segments	7	segments	34	2	2332
7.5	8.5	8 34	segments	8	segments	34	2	2381
8.5	9.5	9 34	segments	9	segments	34	2	2430
9.5	10.5	10 34	segments	10	segments	34	2	77
10.5	11.5	11 34	segments	11	segments	34	2	126
11.5	12.5	12 34	segments	12	segments	34	2	175
12.5	13.5	13 34	segments	13	segments	34	2	224
13.5	14.5	14 34	segments	14	segments	34	2	273
14.5	15.5	15 34	segments	15	segments	34	2	322
15.5	16.5	16 34	segments	16	segments	34	2	371
16.5	17.5	17 34	segments	17	segments	34	2	420
17.5	18.5	18 34	segments	18	segments	34	2	469
18.5	19.5	19 34	segments	19	segments	34	2	518
19.5	20.5	20 34	segments	20	segments	34	2	616
20.5	21.5	21 34	segments	21	segments	34	2	665
21.5	22.5	22 34	segments	22	segments	34	2	714
22.5	23.5	23 34	segments	23	segments	34	2	763
23.5	24.5	24 34	segments	24	segments	34	2	812
24.5	25.5	25 34	segments	25	segments	34	2	861
25.5	26.5	26 34	segments	26	segments	34	2	910
26.5	27.5	27 34	segments	27	segments	34	2	959
27.5	28.5	28 34	segments	28	segments	34	2	1008
28.5	29.5	29 34	segments	29	segments	34	2	1057
29.5	30.5	30 34	segments	30	segments	34	2	1155
30.5	31.5	31 34	segments	31	segments	34	2	1204
31.5	32.5	32 34	segments	32	segments	34	2	1253
32.5	33.5	33 34	segments	33	segments	34	2	1302
33.5	34.5	1	segments	34	segments	34	2	1
34.5	35.5	35 34	segments	35	segments	34	2	1401
35.5	36.5	36 34	segments	36	segments	34	2	1450
36.5	37.5	37 34	segments	37	segments	34	2	1499
37.5	38.5	38 34	segments	38	segments	34	2	1548
38.5	39.5	39 34	segments	39	segments	34	2	1597
39.5	40.5	40 34	segments	40	segments	34	2	1695
40.5	41.5	41 34	segments	41	segments	34	2	1744
41.5	42.5	42 34	segments	42	segments	34	2	1793
42.5	43.5	43 34	segments	43	segments	34	2	1842
43.5	44.5	44 34	segments	44	segments	34	2	1891
44.5	45.5	45 34	segments	45	segments	34	2	1940
45.5	46.5	46 34	segments	46	segments	34	2	1989
46.5	47.5	47 34	segments	47	segments	34	2	2038
47.5	48.5	48 34	segments	48	segments	34	2	2087
48.5	49.5	49 34	segments	49	segments	34	2	2136
49.5	50.5	50 34	segments	50	segments	34	2	2234
0.5	1.5	1 35	segments	1	segments	35	2	29
1.5	2.5	2 35	segments	2	segments	35	2	568
2.5	3.5	3 35	segments	3	segments	35	2	1107
3.5	4.5	4 35	segments	4	segments	35	2	1647
4.5	5.5	5 35	segments	5	segments	35	2	2186
5.5	6.5	6 35	segments	6	segments	35	2	2284
6.5	7.5	7 35	segments	7	segments	35	2	2333
7.5	8.5	8 35	segments	8	segments	35	2	2382
8.5	9.5	9 35	segments	9	segments	35	2	2431
9.5	10.5	10 35	segments	10	segments	35	2	78
10.5	11.5	11 35	segments	11	segments	35	2	127
11.5	12.5	12 35	segments	12	segments	35	2	176
12.5	13.5	13 35	segments	13	segments	35	2	225
13.5	14.5	14 35	segments	14	segments	35	2	274
14.5	15.5	15 35	segments	15	segments	35	2	323
15.5	16.5	16 35	segments	16	segments	35	2	372
16.5	17.5	17 35	segments	17	segments	35	2	421
17.5	18.5	18 35	segments	18	segments	35	2	470
18.5	19.5	19 35	segments	19	segments	35	2	519
19.5	20.5	20 35	segments	20	segments	35	2	617
20.5	21.5	21 35	segments	21	segments	35	2	666
21.5	22.5	22 35	segments	22	segments	35	2	715
22.5	23.5	23 35	segments	23	segments	35	2	764
23.5	24.5	24 35	segments	24	segments	35	2	813
24.5	25.5	25 35	segments	25	segments	35	2	862
25.5	26.5	26 35	segments	26	segments	35	2	911
26.5	27.5	27 35	segments	27	segments	35	2	960
27.5	28.5	28 35	segments	28	segments	35	2	1009
28.5	29.5	29 35	segments	29	segments	35	2	1058
29.5	30.5	30 35	segments	30	segments	35	2	1156
30.5	31.5	31 35	segments	31	segments	35	2	1205
31.5	32.5	32 35	segments	32	segments	35	2	1254
32.5	33.5	33 35	segments	33	segments	35	2	1303
33.5	34.5	34 35	segments	34	segments	35	2	1352
34.5	35.5	1	segments	35	segments	35	2	1
35.5	36.5	36 35	segments	36	segments	35	2	1451
36.5	37.5	37 35	segments	37	segments	35	2	1500
37.5	38.5	38 35	segments	38	segments	35	2	1549
38.5	39.5	39 35	segments	39	segments	35	2	1598
39.5	40.5	40 35	segments	40	segments	35	2	1696
40.5	41.5	41 35	segments	41	segments	35	2	1745
41.5	42.5	42 35	segments	42	segments	35	2	1794
42.5	43.5	43 35	segments	43	segments	35	2	1843
43.5	44.5	44 35	segments	44	segments	35	2	1892
44.5	45.5	45 35	segments	45	segments	35	2	1941
45.5	46.5	46 35	segments	46	segments	35	2	1990
46.5	47.5	47 35	segments	47	segments	35	2	2039
47.5	48.5	48 35	segments	48	segments	35	2	2088
48.5	49.5	49 35	segments	49	segments	35	2	2137
49.5	50.5	50 35	segments	50	segments	35	2	2235
0.5	1.5	1 36	segments	1	segments	36	2	30
1.5	2.5	2 36	segments	2	segments	36	2	569
2.5	3.5	3 36	segments	3	segments	36	2	1108
3.5	4.5	4 36	segments	4	segments	36	2	1648
4.5	5.5	5 36	segments	5	segments	36	2	2187
5.5	6.5	6 36	segments	6	segments	36	2	2285
6.5	7.5	7 36	segments	7	segments	36	2	2334
7.5	8.5	8 36	segments	8	segments	36	2	2383
8.5	9.5	9 36	segments	9	segments	36	2	2432
9.5	10.5	10 36	segments	10	segments	36	2	79
10.5	11.5	11 36	segments	11	segments	36	2	128
11.5	12.5	12 36	segments	12	segments	36	2	177
12.5	13.5	13 36	segments	13	segments	36	2	226
13.5	14.5	14 36	segments	14	segments	36	2	275
14.5	15.5	15 36	segments	15	segments	36	2	324
15.5	16.5	16 36	segments	16	segments	36	2	373
16.5	17.5	17 36	segments	17	segments	36	2	422
17.5	18.5	18 36	segments	18	segments	36	2	471
18.5	19.5	19 36	segments	19	segments	36	2	520
19.5	20.5	20 36	segments	20	segments	36	2	618
20.5	21.5	21 36	segments	21	segments	36	2	667
21.5	22.5	22 36	segments	22	segments	36	2	716
22.5	23.5	23 36	segments	23	segments	36	2	765
23.5	24.5	24 36	segments	24	segments	36	2	814
24.5	25.5	25 36	segments	25	segments	36	2	863
25.5	26.5	26 36	segments	26	segments	36	2	912
26.5	27.5	27 36	segments	27	segments	36	2	961
27.5	28.5	28 36	segments	28	segments	36	2	1010
28.5	29.5	29 36	segments	29	segments	36	2	1059
29.5	30.5	30 36	segments	30	segments	36	2	1157
30.5	31.5	31 36	segments	31	segments	36	2	1206
31.5	32.5	32 36	segments	32	segments	36	2	1255
32.5	33.5	33 36	segments	33	segments	36	2	1304
33.5	34.5	34 36	segments	34	segments	36	2	1353
34.5	35.5	35 36	segments	35	segments	36	2	1402
35.5	36.5	1	segments	36	segments	36	2	1
36.5	37.5	37 36	segments	37	segments	36	2	1501
37.5	38.5	38 36	segments	38	segments	36	2	1550
38.5	39.5	39 36	segments	39	segments	36	2	1599
39.5	40.5	40 36	segments	40	segments	36	2	1697
40.5	41.5	41 36	segments	41	segments	36	2	1746
41.5	42.5	42 36	segments	42	segments	36	2	1795
42.5	43.5	43 36	segments	43	segments	36	2	1844
43.5	44.5	44 36	segments	44	segments	36	2	1893
44.5	45.5	45 36	segments	45	segments	36	2	1942
45.5	46.5	46 36	segments	46	segments	36	2	1991
46.5	47.5	47 36	segments	47	segments	36	2	2040
47.5	48.5	48 36	segments	48	segments	36	2	2089
48.5	49.5	49 36	segments	49	segments	36	2	2138
49.5	50.5	50 36	segments	50	segments	36	2	2236
0.5	1.5	1 37	segments	1	segments	37	2	31
1.5	2.5	2 37	segments	2	segments	37	2	570
2.5	3.5	3 37	segments	3	segments	37	2	1109
3.5	4.5	4 37	segments	4	segments	37	2	1649
4.5	5.5	5 37	segments	5	segments	37	2	2188
5.5	6.5	6 37	segments	6	segments	37	2	2286
6.5	7.5	7 37	segments	7	segments	37	2	2335
7.5	8.5	8 37	segments	8	segments	37	2	2384
8.5	9.5	9 37	segments	9	segments	37	2	2433
9.5	10.5	10 37	segments	10	segments	37	2	80
10.5	11.5	11 37	segments	11	segments	37	2	129
11.5	12.5	12 37	segments	12	segments	37	2	178
12.5	13.5	13 37	segments	13	segments	37	2	227
13.5	14.5	14 37	segments	14	segments	37	2	276
14.5	15.5	15 37	segments	15	segments	37	2	325
15.5	16.5	16 37	segments	16	segments	37	2	374
16.5	17.5	17 37	segments	17	segments	37	2	423
17.5	18.5	18 37	segments	18	segments	37	2	472
18.5	19.5	19 37	segments	19	segments	37	2	521
19.5	20.5	20 37	segments	20	segments	37	2	619
20.5	21.5	21 37	segments	21	segments	37	2	668
21.5	22.5	22 37	segments	22	segments	37	2	717
22.5	23.5	23 37	segments	23	segments	37	2	766
23.5	24.5	24 37	segments	24	segments	37	2	815
24.5	25.5	25 37	segments	25	segments	37	2	864
25.5	26.5	26 37	segments	26	segments	37	2	913
26.5	27.5	27 37	segments	27	segments	37	2	962
27.5	28.5	28 37	segments	28	segments	37	2	1011
28.5	29.5	29 37	segments	29	segments	37	2	1060
29.5	30.5	30 37	segments	30	segments	37	2	1158
30.5	31.5	31 37	segments	31	segments	37	2	1207
31.5	32.5	32 37	segments	32	segments	37	2	1256
32.5	33.5	33 37	segments	33	segments	37	2	1305
33.5	34.5	34 37	segments	34	segments	37	2	1354
34.5	35.5	35 37	segments	35	segments	37	2	1403
35.5	36.5	36 37	segments	36	segments	37	2	1452
36.5	37.5	1	segments	37	segments	37	2	1
37.5	38.5	38 37	segments	38	segments	37	2	1551
38.5	39.5	39 37	segments	39	segments	37	2	1600
39.5	40.5	40 37	segments	40	segments	37	2	1698
40.5	41.5	41 37	segments	41	segments	37	2	1747
41.5	42.5	42 37	segments	42	segments	37	2	1796
42.5	43.5	43 37	segments	43	segments	37	2	1845
43.5	44.5	44 37	segments	44	segments	37	2	1894
44.5	45.5	45 37	segments	45	segments	37	2	1943
45.5	46.5	46 37	segments	46	segments	37	2	1992
46.5	47.5	47 37	segments	47	segments	37	2	2041
47.5	48.5	48 37	segments	48	segments	37	2	2090
48.5	49.5	49 37	segments	49	segments	37	2	2139
49.5	50.5	50 37	segments	50	segments	37	2	2237
0.5	1.5	1 38	segments	1	segments	38	2	32
1.5	2.5	2 38	segments	2	segments	38	2	571
2.5	3.5	3 38	segments	3	segments	38	2	1110
3.5	4.5	4 38	segments	4	segments	38	2	1650
4.5	5.5	5 38	segments	5	segments	38	2	2189
5.5	6.5	6 38	segments	6	segments	38	2	2287
6.5	7.5	7 38	segments	7	segments	38	2	2336
7.5	8.5	8 38	segments	8	segments	38	2	2385
8.5	9.5	9 38	segments	9	segments	38	2	2434
9.5	10.5	10 38	segments	10	segments	38	2	81
10.5	11.5	11 38	segments	11	segments	38	2	130
11.5	12.5	12 38	segments	12	segments	38	2	179
12.5	13.5	13 38	segments	13	segments	38	2	228
13.5	14.5	14 38	segments	14	segments	38	2	277
14.5	15.5	15 38	segments	15	segments	38	2	326
15.5	16.5	16 38	segments	16	segments	38	2	375
16.5	17.5	17 38	segments	17	segments	38	2	424
17.5	18.5	18 38	segments	18	segments	38	2	473
18.5	19.5	19 38	segments	19	segments	38	2	522
19.5	20.5	20 38	segments	20	segments	38	2	620
20.5	21.5	21 38	segments	21	segments	38	2	669
21.5	22.5	22 38	segments	22	segments	38	2	718
22.5	23.5	23 38	segments	23	segments	38	2	767
23.5	24.5	24 38	segments	24	segments	38	2	816
24.5	25.5	25 38	segments	25	segments	38	2	865
25.5	26.5	26 38	segments	26	segments	38	2	914
26.5	27.5	27 38	segments	27	segments	38	2	963
27.5	28.5	28 38	segments	28	segments	38	2	1012
28.5	29.5	29 38	segments	29	segments	38	2	1061
29.5	30.5	30 38	segments	30	segments	38	2	1159
30.5	31.5	31 38	segments	31	segments	38	2	1208
31.5	32.5	32 38	segments	32	segments	38	2	1257
32.5	33.5	33 38	segments	33	segments	38	2	1306
33.5	34.5	34 38	segments	34	segments	38	2	1355
34.5	35.5	35 38	segments	35	segments	38	2	1404
35.5	36.5	36 38	segments	36	segments	38	2	1453
36.5	37.5	37 38	segments	37	segments	38	2	1502
37.5	38.5	1	segments	38	segments	38	2	1
38.5	39.5	39 38	segments	39	segments	38	2	1601
39.5	40.5	40 38	segments	40	segments	38	2	1699
40.5	41.5	41 38	segments	41	segments	38	2	1748
41.5	42.5	42 38	segments	42	segments	38	2	1797
42.5	43.5	43 38	segments	43	segments	38	2	1846
43.5	44.5	44 38	segments	44	segments	38	2	1895
44.5	45.5	45 38	segments	45	segments	38	2	1944
45.5	46.5	46 38	segments	46	segments	38	2	1993
46.5	47.5	47 38	segments	47	segments	38	2	2042
47.5	48.5	48 38	segments	48	segments	38	2	2091
48.5	49.5	49 38	segments	49	segments	38	2	2140
49.5	50.5	50 38	segments	50	segments	38	2	2238
0.5	1.5	1 39	segments	1	segments	39	2	33
1.5	2.5	2 39	segments	2	segments	39	2	572
2.5	3.5	3 39	segments	3	segments	39	2	1111
3.5	4.5	4 39	segments	4	segments	39	2	1651
4.5	5.5	5 39	segments	5	segments	39	2	2190
5.5	6.5	6 39	segments	6	segments	39	2	2288
6.5	7.5	7 39	segments	7	segments	39	2	2337
7.5	8.5	8 39	segments	8	segments	39	2	2386
8.5	9.5	9 39	segments	9	segments	39	2	2435
9.5	10.5	10 39	segments	10	segments	39	2	82
10.5	11.5	11 39	segments	11	segments	39	2	131
11.5	12.5	12 39	segments	12	segments	39	2	180
12.5	13.5	13 39	segments	13	segments	39	2	229
13.5	14.5	14 39	segments	14	segments	39	2	278
14.5	15.5	15 39	segments	15	segments	39	2	327
15.5	16.5	16 39	segments	16	segments	39	2	376
16.5	17.5	17 39	segments	17	segments	39	2	425
17.5	18.5	18 39	segments	18	segments	39	2	474
18.5	19.5	19 39	segments	19	segments	39	2	523
19.5	20.5	20 39	segments	20	segments	39	2	621
20.5	21.5	21 39	segments	21	segments	39	2	670
21.5	22.5	22 39	segments	22	segments	39	2	719
22.5	23.5	23 39	segments	23	segments	39	2	768
23.5	24.5	24 39	segments	24	segments	39	2	817
24.5	25.5	25 39	segments	25	segments	39	2	866
25.5	26.5	26 39	segments	26	segments	39	2	915
26.5	27.5	27 39	segments	27	segments	39	2	964
27.5	28.5	28 39	segments	28	segments	39	2	1013
28.5	29.5	29 39	segments	29	segments	39	2	1062
29.5	30.5	30 39	segments	30	segments	39	2	1160
30.5	31.5	31 39	segments	31	segments	39	2	1209
31.5	32.5	32 39	segments	32	segments	39	2	1258
32.5	33.5	33 39	segments	33	segments	39	2	1307
33.5	34.5	34 39	segments	34	segments	39	2	1356
34.5	35.5	35 39	segments	35	segments	39	2	1405
35.5	36.5	36 39	segments	36	segments	39	2	1454
36.5	37.5	37 39	segments	37	segments	39	2	1503
37.5	38.5	38 39	segments	38	segments	39	2	1552
38.5	39.5	1	segments	39	segments	39	2	1
39.5	40.5	40 39	segments	40	segments	39	2	1700
40.5	41.5	41 39	segments	41	segments	39	2	1749
41.5	42.5	42 39	segments	42	segments	39	2	1798
42.5	43.5	43 39	segments	43	segments	39	2	1847
43.5	44.5	44 39	segments	44	segments	39	2	1896
44.5	45.5	45 39	segments	45	segments	39	2	1945
45.5	46.5	46 39	segments	46	segments	39	2	1994
46.5	47.5	47 39	segments	47	segments	39	2	2043
47.5	48.5	48 39	segments	48	segments	39	2	2092
48.5	49.5	49 39	segments	49	segments	39	2	2141
49.5	50.5	50 39	segments	50	segments	39	2	2239
0.5	1.5	1 40	segments	1	segments	40	2	35
1.5	2.5	2 40	segments	2	segments	40	2	574
2.5	3.5	3 40	segments	3	segments	40	2	1113
3.5	4.5	4 40	segments	4	segments	40	2	1652
4.5	5.5	5 40	segments	5	segments	40	2	2192
5.5	6.5	6 40	segments	6	segments	40	2	2290
6.5	7.5	7 40	segments	7	segments	40	2	2339
7.5	8.5	8 40	segments	8	segments	40	2	2388
8.5	9.5	9 40	segments	9	segments	40	2	2437
9.5	10.5	10 40	segments	10	segments	40	2	84
10.5	11.5	11 40	segments	11	segments	40	2	133
11.5	12.5	12 40	segments	12	segments	40	2	182
12.5	13.5	13 40	segments	13	segments	40	2	231
13.5	14.5	14 40	segments	14	segments	40	2	280
14.5	15.5	15 40	segments	15	segments	40	2	329
15.5	16.5	16 40	segments	16	segments	40	2	378
16.5	17.5	17 40	segments	17	segments	40	2	427
17.5	18.5	18 40	segments	18	segments	40	2	476
18.5	19.5	19 40	segments	19	segments	40	2	525
19.5	20.5	20 40	segments	20	segments	40	2	623
20.5	21.5	21 40	segments	21	segments	40	2	672
21.5	22.5	22 40	segments	22	segments	40	2	721
22.5	23.5	23 40	segments	23	segments	40	2	770
23.5	24.5	24 40	segments	24	segments	40	2	819
24.5	25.5	25 40	segments	25	segments	40	2	868
25.5	26.5	26 40	segments	26	segments	40	2	917
26.5	27.5	27 40	segments	27	segments	40	2	966
27.5	28.5	28 40	segments	28	segments	40	2	1015
28.5	29.5	29 40	segments	29	segments	40	2	1064
29.5	30.5	30 40	segments	30	segments	40	2	1162
30.5	31.5	31 40	segments	31	segments	40	2	1211
31.5	32.5	32 40	segments	32	segments	40	2	1260
32.5	33.5	33 40	segments	33	segments	40	2	1309
33.5	34.5	34 40	segments	34	segments	40	2	1358
34.5	35.5	35 40	segments	35	segments	40	2	1407
35.5	36.5	36 40	segments	36	segments	40	2	1456
36.5	37.5	37 40	segments	37	segments	40	2	1505
37.5	38.5	38 40	segments	38	segments	40	2	1554
38.5	39.5	39 40	segments	39	segments	40	2	1603
39.5	40.5	1	segments	40	segments	40	2	1
40.5	41.5	41 40	segments	41	segments	40	2	1751
41.5	42.5	42 40	segments	42	segments	40	2	1800
42.5	43.5	43 40	segments	43	segments	40	2	1849
43.5	44.5	44 40	segments	44	segments	40	2	1898
44.5	45.5	45 40	segments	45	segments	40	2	1947
45.5	46.5	46 40	segments	46	segments	40	2	1996
46.5	47.5	47 40	segments	47	segments	40	2	2045
47.5	48.5	48 40	segments	48	segments	40	2	2094
48.5	49.5	49 40	segments	49	segments	40	2	2143
49.5	50.5	50 40	segments	50	segments	40	2	2241
0.5	1.5	1 41	segments	1	segments	41	2	36
1.5	2.5	2 41	segments	2	segments	41	2	575
2.5	3.5	3 41	segments	3	segments	41	2	1114
3.5	4.5	4 41	segments	4	segments	41	2	1653
4.5	5.5	5 41	segments	5	segments	41	2	2193
5.5	6.5	6 41	segments	6	segments	41	2	2291
6.5	7.5	7 41	segments	7	segments	41	2	2340
7.5	8.5	8 41	segments	8	segments	41	2	2389
8.5	9.5	9 41	segments	9	segments	41	2	2438
9.5	10.5	10 41	segments	10	segments	41	2	85
10.5	11.5	11 41	segments	11	segments	41	2	134
11.5	12.5	12 41	segments	12	segments	41	2	183
12.5	13.5	13 41	segments	13	segments	41	2	232
13.5	14.5	14 41	segments	14	segments	41	2	281
14.5	15.5	15 41	segments	15	segments	41	2	330
15.5	16.5	16 41	segments	16	segments	41	2	379
16.5	17.5	17 41	segments	17	segments	41	2	428
17.5	18.5	18 41	segments	18	segments	41	2	477
18.5	19.5	19 41	segments	19	segments	41	2	526
19.5	20.5	20 41	segments	20	segments	41	2	624
20.5	21.5	21 41	segments	21	segments	41	2	673
21.5	22.5	22 41	segments	22	segments	41	2	722
22.5	23.5	23 41	segments	23	segments	41	2	771
23.5	24.5	24 41	segments	24	segments	41	2	820
24.5	25.5	25 41	segments	25	segments	41	2	869
25.5	26.5	26 41	segments	26	segments	41	2	918
26.5	27.5	27 41	segments	27	segments	41	2	967
27.5	28.5	28 41	segments	28	segments	41	2	1016
28.5	29.5	29 41	segments	29	segments	41	2	1065
29.5	30.5	30 41	segments	30	segments	41	2	1163
30.5	31.5	31 41	segments	31	segments	41	2	1212
31.5	32.5	32 41	segments	32	segments	41	2	1261
32.5	33.5	33 41	segments	33	segments	41	2	1310
33.5	34.5	34 41	segments	34	segments	41	2	1359
34.5	35.5	35 41	segments	35	segments	41	2	1408
35.5	36.5	36 41	segments	36	segments	41	2	1457
36.5	37.5	37 41	segments	37	segments	41	2	1506
37.5	38.5	38 41	segments	38	segments	41	2	1555
38.5	39.5	39 41	segments	39	segments	41	2	1604
39.5	40.5	40 41	segments	40	segments	41	2	1702
40.5	41.5	1	segments	41	segments	41	2	1
41.5	42.5	42 41	segments	42	segments	41	2	1801
42.5	43.5	43 41	segments	43	segments	41	2	1850
43.5	44.5	44 41	segments	44	segments	41	2	1899
44.5	45.5	45 41	segments	45	segments	41	2	1948
45.5	46.5	46 41	segments	46	segments	41	2	1997
46.5	47.5	47 41	segments	47	segments	41	2	2046
47.5	48.5	48 41	segments	48	segments	41	2	2095
48.5	49.5	49 41	segments	49	segments	41	2	2144
49.5	50.5	50 41	segments	50	segments	41	2	2242
0.5	1.5	1 42	segments	1	segments	42	2	37
1.5	2.5	2 42	segments	2	segments	42	2	576
2.5	3.5	3 42	segments	3	segments	42	2	1115
3.5	4.5	4 42	segments	4	segments	42	2	1654
4.5	5.5	5 42	segments	5	segments	42	2	2194
5.5	6.5	6 42	segments	6	segments	42	2	2292
6.5	7.5	7 42	segments	7	segments	42	2	2341
7.5	8.5	8 42	segments	8	segments	42	2	2390
8.5	9.5	9 42	segments	9	segments	42	2	2439
9.5	10.5	10 42	segments	10	segments	42	2	86
10.5	11.5	11 42	segments	11	segments	42	2	135
11.5	12.5	12 42	segments	12	segments	42	2	184
12.5	13.5	13 42	segments	13	segments	42	2	233
13.5	14.5	14 42	segments	14	segments	42	2	282
14.5	15.5	15 42	segments	15	segments	42	2	331
15.5	16.5	16 42	segments	16	segments	42	2	380
16.5	17.5	17 42	segments	17	segments	42	2	429
17.5	18.5	18 42	segments	18	segments	42	2	478
18.5	19.5	19 42	segments	19	segments	42	2	527
19.5	20.5	20 42	segments	20	segments	42	2	625
20.5	21.5	21 42	segments	21	segments	42	2	674
21.5	22.5	22 42	segments	22	segments	42	2	723
22.5	23.5	23 42	segments	23	segments	42	2	772
23.5	24.5	24 42	segments	24	segments	42	2	821
24.5	25.5	25 42	segments	25	segments	42	2	870
25.5	26.5	26 42	segments	26	segments	42	2	919
26.5	27.5	27 42	segments	27	segments	42	2	968
27.5	28.5	28 42	segments	28	segments	42	2	1017
28.5	29.5	29 42	segments	29	segments	42	2	1066
29.5	30.5	30 42	segments	30	segments	42	2	1164
30.5	31.5	31 42	segments	31	segments	42	2	1213
31.5	32.5	32 42	segments	32	segments	42	2	1262
32.5	33.5	33 42	segments	33	segments	42	2	1311
33.5	34.5	34 42	segments	34	segments	42	2	1360
34.5	35.5	35 42	segments	35	segments	42	2	1409
35.5	36.5	36 42	segments	36	segments	42	2	1458
36.5	37.5	37 42	segments	37	segments	42	2	1507
37.5	38.5	38 42	segments	38	segments	42	2	1556
38.5	39.5	39 42	segments	39	segments	42	2	1605
39.5	40.5	40 42	segments	40	segments	42	2	1703
40.5	41.5	41 42	segments	41	segments	42	2	1752
41.5	42.5	1	segments	42	segments	42	2	1
42.5	43.5	43 42	segments	43	segments	42	2	1851
43.5	44.5	44 42	segments	44	segments	42	2	1900
44.5	45.5	45 42	segments	45	segments	42	2	1949
45.5	46.5	46 42	segments	46	segments	42	2	1998
46.5	47.5	47 42	segments	47	segments	42	2	2047
47.5	48.5	48 42	segments	48	segments	42	2	2096
48.5	49.5	49 42	segments	49	segments	42	2	2145
49.5	50.5	50 42	segments	50	segments	42	2	2243
0.5	1.5	1 43	segments	1	segments	43	2	38
1.5	2.5	2 43	segments	2	segments	43	2	577
2.5	3.5	3 43	segments	3	segments	43	2	1116
3.5	4.5	4 43	segments	4	segments	43	2	1655
4.5	5.5	5 43	segments	5	segments	43	2	2195
5.5	6.5	6 43	segments	6	segments	43	2	2293
6.5	7.5	7 43	segments	7	segments	43	2	2342
7.5	8.5	8 43	segments	8	segments	43	2	2391
8.5	9.5	9 43	segments	9	segments	43	2	2440
9.5	10.5	10 43	segments	10	segments	43	2	87
10.5	11.5	11 43	segments	11	segments	43	2	136
11.5	12.5	12 43	segments	12	segments	43	2	185
12.5	13.5	13 43	segments	13	segments	43	2	234
13.5	14.5	14 43	segments	14	segments	43	2	283
14.5	15.5	15 43	segments	15	segments	43	2	332
15.5	16.5	16 43	segments	16	segments	43	2	381
16.5	17.5	17 43	segments	17	segments	43	2	430
17.5	18.5	18 43	segments	18	segments	43	2	479
18.5	19.5	19 43	segments	19	segments	43	2	528
19.5	20.5	20 43	segments	20	segments	43	2	626
20.5	21.5	21 43	segments	21	segments	43	2	675
21.5	22.5	22 43	segments	22	segments	43	2	724
22.5	23.5	23 43	segments	23	segments	43	2	773
23.5	24.5	24 43	segments	24	segments	43	2	822
24.5	25.5	25 43	segments	25	segments	43	2	871
25.5	26.5	26 43	segments	26	segments	43	2	920
26.5	27.5	27 43	segments	27	segments	43	2	969
27.5	28.5	28 43	segments	28	segments	43	2	1018
28.5	29.5	29 43	segments	29	segments	43	2	1067
29.5	30.5	30 43	segments	30	segments	43	2	1165
30.5	31.5	31 43	segments	31	segments	43	2	1214
31.5	32.5	32 43	segments	32	segments	43	2	1263
32.5	33.5	33 43	segments	33	segments	43	2	1312
33.5	34.5	34 43	segments	34	segments	43	2	1361
34.5	35.5	35 43	segments	35	segments	43	2	1410
35.5	36.5	36 43	segments	36	segments	43	2	1459
36.5	37.5	37 43	segments	37	segments	43	2	1508
37.5	38.5	38 43	segments	38	segments	43	2	1557
38.5	39.5	39 43	segments	39	segments	43	2	1606
39.5	40.5	40 43	segments	40	segments	43	2	1704
40.5	41.5	41 43	segments	41	segments	43	2	1753
41.5	42.5	42 43	segments	42	segments	43	2	1802
42.5	43.5	1	segments	43	segments	43	2	1
43.5	44.5	44 43	segments	44	segments	43	2	1901
44.5	45.5	45 43	segments	45	segments	43	2	1950
45.5	46.5	46 43	segments	46	segments	43	2	1999
46.5	47.5	47 43	segments	47	segments	43	2	2048
47.5	48.5	48 43	segments	48	segments	43	2	2097
48.5	49.5	49 43	segments	49	segments	43	2	2146
49.5	50.5	50 43	segments	50	segments	43	2	2244
0.5	1.5	1 44	segments	1	segments	44	2	39
1.5	2.5	2 44	segments	2	segments	44	2	578
2.5	3.5	3 44	segments	3	segments	44	2	1117
3.5	4.5	4 44	segments	4	segments	44	2	1656
4.5	5.5	5 44	segments	5	segments	44	2	2196
5.5	6.5	6 44	segments	6	segments	44	2	2294
6.5	7.5	7 44	segments	7	segments	44	2	2343
7.5	8.5	8 44	segments	8	segments	44	2	2392
8.5	9.5	9 44	segments	9	segments	44	2	2441
9.5	10.5	10 44	segments	10	segments	44	2	88
10.5	11.5	11 44	segments	11	segments	44	2	137
11.5	12.5	12 44	segments	12	segments	44	2	186
12.5	13.5	13 44	segments	13	segments	44	2	235
13.5	14.5	14 44	segments	14	segments	44	2	284
14.5	15.5	15 44	segments	15	segments	44	2	333
15.5	16.5	16 44	segments	16	segments	44	2	382
16.5	17.5	17 44	segments	17	segments	44	2	431
17.5	18.5	18 44	segments	18	segments	44	2	480
18.5	19.5	19 44	segments	19	segments	44	2	529
19.5	20.5	20 44	segments	20	segments	44	2	627
20.5	21.5	21 44	segments	21	segments	44	2	676
21.5	22.5	22 44	segments	22	segments	44	2	725
22.5	23.5	23 44	segments	23	segments	44	2	774
23.5	24.5	24 44	segments	24	segments	44	2	823
24.5	25.5	25 44	segments	25	segments	44	2	872
25.5	26.5	26 44	segments	26	segments	44	2	921
26.5	27.5	27 44	segments	27	segments	44	2	970
27.5	28.5	28 44	segments	28	segments	44	2	1019
28.5	29.5	29 44	segments	29	segments	44	2	1068
29.5	30.5	30 44	segments	30	segments	44	2	1166
30.5	31.5	31 44	segments	31	segments	44	2	1215
31.5	32.5	32 44	segments	32	segments	44	2	1264
32.5	33.5	33 44	segments	33	segments	44	2	1313
33.5	34.5	34 44	segments	34	segments	44	2	1362
34.5	35.5	35 44	segments	35	segments	44	2	1411
35.5	36.5	36 44	segments	36	segments	44	2	1460
36.5	37.5	37 44	segments	37	segments	44	2	1509
37.5	38.5	38 44	segments	38	segments	44	2	1558
38.5	39.5	39 44	segments	39	segments	44	2	1607
39.5	40.5	40 44	segments	40	segments	44	2	1705
40.5	41.5	41 44	segments	41	segments	44	2	1754
41.5	42.5	42 44	segments	42	segments	44	2	1803
42.5	43.5	43 44	segments	43	segments	44	2	1852
43.5	44.5	1	segments	44	segments	44	2	1
44.5	45.5	45 44	segments	45	segments	44	2	1951
45.5	46.5	46 44	segments	46	segments	44	2	2000
46.5	47.5	47 44	segments	47	segments	44	2	2049
47.5	48.5	48 44	segments	48	segments	44	2	2098
48.5	49.5	49 44	segments	49	segments	44	2	2147
49.5	50.5	50 44	segments	50	segments	44	2	2245
0.5	1.5	1 45	segments	1	segments	45	2	40
1.5	2.5	2 45	segments	2	segments	45	2	579
2.5	3.5	3 45	segments	3	segments	45	2	1118
3.5	4.5	4 45	segments	4	segments	45	2	1657
4.5	5.5	5 45	segments	5	segments	45	2	2197
5.5	6.5	6 45	segments	6	segments	45	2	2295
6.5	7.5	7 45	segments	7	segments	45	2	2344
7.5	8.5	8 45	segments	8	segments	45	2	2393
8.5	9.5	9 45	segments	9	segments	45	2	2442
9.5	10.5	10 45	segments	10	segments	45	2	89
10.5	11.5	11 45	segments	11	segments	45	2	138
11.5	12.5	12 45	segments	12	segments	45	2	187
12.5	13.5	13 45	segments	13	segments	45	2	236
13.5	14.5	14 45	segments	14	segments	45	2	285
14.5	15.5	15 45	segments	15	segments	45	2	334
15.5	16.5	16 45	segments	16	segments	45	2	383
16.5	17.5	17 45	segments	17	segments	45	2	432
17.5	18.5	18 45	segments	18	segments	45	2	481
18.5	19.5	19 45	segments	19	segments	45	2	530
19.5	20.5	20 45	segments	20	segments	45	2	628
20.5	21.5	21 45	segments	21	segments	45	2	677
21.5	22.5	22 45	segments	22	segments	45	2	726
22.5	23.5	23 45	segments	23	segments	45	2	775
23.5	24.5	24 45	segments	24	segments	45	2	824
24.5	25.5	25 45	segments	25	segments	45	2	873
25.5	26.5	26 45	segments	26	segments	45	2	922
26.5	27.5	27 45	segments	27	segments	45	2	971
27.5	28.5	28 45	segments	28	segments	45	2	1020
28.5	29.5	29 45	segments	29	segments	45	2	1069
29.5	30.5	30 45	segments	30	segments	45	2	1167
30.5	31.5	31 45	segments	31	segments	45	2	1216
31.5	32.5	32 45	segments	32	segments	45	2	1265
32.5	33.5	33 45	segments	33	segments	45	2	1314
33.5	34.5	34 45	segments	34	segments	45	2	1363
34.5	35.5	35 45	segments	35	segments	45	2	1412
35.5	36.5	36 45	segments	36	segments	45	2	1461
36.5	37.5	37 45	segments	37	segments	45	2	1510
37.5	38.5	38 45	segments	38	segments	45	2	1559
38.5	39.5	39 45	segments	39	segments	45	2	1608
39.5	40.5	40 45	segments	40	segments	45	2	1706
40.5	41.5	41 45	segments	41	segments	45	2	1755
41.5	42.5	42 45	segments	42	segments	45	2	1804
42.5	43.5	43 45	segments	43	segments	45	2	1853
43.5	44.5	44 45	segments	44	segments	45	2	1902
44.5	45.5	1	segments	45	segments	45	2	1
45.5	46.5	46 45	segments	46	segments	45	2	2001
46.5	47.5	47 45	segments	47	segments	45	2	2050
47.5	48.5	48 45	segments	48	segments	45	2	2099
48.5	49.5	49 45	segments	49	segments	45	2	2148
49.5	50.5	50 45	segments	50	segments	45	2	2246
0.5	1.5	1 46	segments	1	segments	46	2	41
1.5	2.5	2 46	segments	2	segments	46	2	580
2.5	3.5	3 46	segments	3	segments	46	2	1119
3.5	4.5	4 46	segments	4	segments	46	2	1658
4.5	5.5	5 46	segments	5	segments	46	2	2198
5.5	6.5	6 46	segments	6	segments	46	2	2296
6.5	7.5	7 46	segments	7	segments	46	2	2345
7.5	8.5	8 46	segments	8	segments	46	2	2394
8.5	9.5	9 46	segments	9	segments	46	2	2443
9.5	10.5	10 46	segments	10	segments	46	2	90
10.5	11.5	11 46	segments	11	segments	46	2	139
11.5	12.5	12 46	segments	12	segments	46	2	188
12.5	13.5	13 46	segments	13	segments	46	2	237
13.5	14.5	14 46	segments	14	segments	46	2	286
14.5	15.5	15 46	segments	15	segments	46	2	335
15.5	16.5	16 46	segments	16	segments	46	2	384
16.5	17.5	17 46	segments	17	segments	46	2	433
17.5	18.5	18 46	segments	18	segments	46	2	482
18.5	19.5	19 46	segments	19	segments	46	2	531
19.5	20.5	20 46	segments	20	segments	46	2	629
20.5	21.5	21 46	segments	21	segments	46	2	678
21.5	22.5	22 46	segments	22	segments	46	2	727
22.5	23.5	23 46	segments	23	segments	46	2	776
23.5	24.5	24 46	segments	24	segments	46	2	825
24.5	25.5	25 46	segments	25	segments	46	2	874
25.5	26.5	26 46	segments	26	segments	46	2	923
26.5	27.5	27 46	segments	27	segments	46	2	972
27.5	28.5	28 46	segments	28	segments	46	2	1021
28.5	29.5	29 46	segments	29	segments	46	2	1070
29.5	30.5	30 46	segments	30	segments	46	2	1168
30.5	31.5	31 46	segments	31	segments	46	2	1217
31.5	32.5	32 46	segments	32	segments	46	2	1266
32.5	33.5	33 46	segments	33	segments	46	2	1315
33.5	34.5	34 46	segments	34	segments	46	2	1364
34.5	35.5	35 46	segments	35	segments	46	2	1413
35.5	36.5	36 46	segments	36	segments	46	2	1462
36.5	37.5	37 46	segments	37	segments	46	2	1511
37.5	38.5	38 46	segments	38	segments	46	2	1560
38.5	39.5	39 46	segments	39	segments	46	2	1609
39.5	40.5	40 46	segments	40	segments	46	2	1707
40.5	41.5	41 46	segments	41	segments	46	2	1756
41.5	42.5	42 46	segments	42	segments	46	2	1805
42.5	43.5	43 46	segments	43	segments	46	2	1854
43.5	44.5	44 46	segments	44	segments	46	2	1903
44.5	45.5	45 46	segments	45	segments	46	2	1952
45.5	46.5	1	segments	46	segments	46	2	1
46.5	47.5	47 46	segments	47	segments	46	2	2051
47.5	48.5	48 46	segments	48	segments	46	2	2100
48.5	49.5	49 46	segments	49	segments	46	2	2149
49.5	50.5	50 46	segments	50	segments	46	2	2247
0.5	1.5	1 47	segments	1	segments	47	2	42
1.5	2.5	2 47	segments	2	segments	47	2	581
2.5	3.5	3 47	segments	3	segments	47	2	1120
3.5	4.5	4 47	segments	4	segments	47	2	1659
4.5	5.5	5 47	segments	5	segments	47	2	2199
5.5	6.5	6 47	segments	6	segments	47	2	2297
6.5	7.5	7 47	segments	7	segments	47	2	2346
7.5	8.5	8 47	segments	8	segments	47	2	2395
8.5	9.5	9 47	segments	9	segments	47	2	2444
9.5	10.5	10 47	segments	10	segments	47	2	91
10.5	11.5	11 47	segments	11	segments	47	2	140
11.5	12.5	12 47	segments	12	segments	47	2	189
12.5	13.5	13 47	segments	13	segments	47	2	238
13.5	14.5	14 47	segments	14	segments	47	2	287
14.5	15.5	15 47	segments	15	segments	47	2	336
15.5	16.5	16 47	segments	16	segments	47	2	385
16.5	17.5	17 47	segments	17	segments	47	2	434
17.5	18.5	18 47	segments	18	segments	47	2	483
18.5	19.5	19 47	segments	19	segments	47	2	532
19.5	20.5	20 47	segments	20	segments	47	2	630
20.5	21.5	21 47	segments	21	segments	47	2	679
21.5	22.5	22 47	segments	22	segments	47	2	728
22.5	23.5	23 47	segments	23	segments	47	2	777
23.5	24.5	24 47	segments	24	segments	47	2	826
24.5	25.5	25 47	segments	25	segments	47	2	875
25.5	26.5	26 47	segments	26	segments	47	2	924
26.5	27.5	27 47	segments	27	segments	47	2	973
27.5	28.5	28 47	segments	28	segments	47	2	1022
28.5	29.5	29 47	segments	29	segments	47	2	1071
29.5	30.5	30 47	segments	30	segments	47	2	1169
30.5	31.5	31 47	segments	31	segments	47	2	1218
31.5	32.5	32 47	segments	32	segments	47	2	1267
32.5	33.5	33 47	segments	33	segments	47	2	1316
33.5	34.5	34 47	segments	34	segments	47	2	1365
34.5	35.5	35 47	segments	35	segments	47	2	1414
35.5	36.5	36 47	segments	36	segments	47	2	1463
36.5	37.5	37 47	segments	37	segments	47	2	1512
37.5	38.5	38 47	segments	38	segments	47	2	1561
38.5	39.5	39 47	segments	39	segments	47	2	1610
39.5	40.5	40 47	segments	40	segments	47	2	1708
40.5	41.5	41 47	segments	41	segments	47	2	1757
41.5	42.5	42 47	segments	42	segments	47	2	1806
42.5	43.5	43 47	segments	43	segments	47	2	1855
43.5	44.5	44 47	segments	44	segments	47	2	1904
44.5	45.5	45 47	segments	45	segments	47	2	1953
45.5	46.5	46 47	segments	46	segments	47	2	2002
46.5	47.5	1	segments	47	segments	47	2	1
47.5	48.5	48 47	segments	48	segments	47	2	2101
48.5	49.5	49 47	segments	49	segments	47	2	2150
49.5	50.5	50 47	segments	50	segments	47	2	2248
0.5	1.5	1 48	segments	1	segments	48	2	43
1.5	2.5	2 48	segments	2	segments	48	2	582
2.5	3.5	3 48	segments	3	segments	48	2	1121
3.5	4.5	4 48	segments	4	segments	48	2	1660
4.5	5.5	5 48	segments	5	segments	48	2	2200
5.5	6.5	6 48	segments	6	segments	48	2	2298
6.5	7.5	7 48	segments	7	segments	48	2	2347
7.5	8.5	8 48	segments	8	segments	48	2	2396
8.5	9.5	9 48	segments	9	segments	48	2	2445
9.5	10.5	10 48	segments	10	segments	48	2	92
10.5	11.5	11 48	segments	11	segments	48	2	141
11.5	12.5	12 48	segments	12	segments	48	2	190
12.5	13.5	13 48	segments	13	segments	48	2	239
13.5	14.5	14 48	segments	14	segments	48	2	288
14.5	15.5	15 48	segments	15	segments	48	2	337
15.5	16.5	16 48	segments	16	segments	48	2	386
16.5	17.5	17 48	segments	17	segments	48	2	435
17.5	18.5	18 48	segments	18	segments	48	2	484
18.5	19.5	19 48	segments	19	segments	48	2	533
19.5	20.5	20 48	segments	20	segments	48	2	631
20.5	21.5	21 48	segments	21	segments	48	2	680
21.5	22.5	22 48	segments	22	segments	48	2	729
22.5	23.5	23 48	segments	23	segments	48	2	778
23.5	24.5	24 48	segments	24	segments	48	2	827
24.5	25.5	25 48	segments	25	segments	48	2	876
25.5	26.5	26 48	segments	26	segments	48	2	925
26.5	27.5	27 48	segments	27	segments	48	2	974
27.5	28.5	28 48	segments	28	segments	48	2	1023
28.5	29.5	29 48	segments	29	segments	48	2	1072
29.5	30.5	30 48	segments	30	segments	48	2	1170
30.5	31.5	31 48	segments	31	segments	48	2	1219
31.5	32.5	32 48	segments	32	segments	48	2	1268
32.5	33.5	33 48	segments	33	segments	48	2	1317
33.5	34.5	34 48	segments	34	segments	48	2	1366
34.5	35.5	35 48	segments	35	segments	48	2	1415
35.5	36.5	36 48	segments	36	segments	48	2	1464
36.5	37.5	37 48	segments	37	segments	48	2	1513
37.5	38.5	38 48	segments	38	segments	48	2	1562
38.5	39.5	39 48	segments	39	segments	48	2	1611
39.5	40.5	40 48	segments	40	segments	48	2	1709
40.5	41.5	41 48	segments	41	segments	48	2	1758
41.5	42.5	42 48	segments	42	segments	48	2	1807
42.5	43.5	43 48	segments	43	segments	48	2	1856
43.5	44.5	44 48	segments	44	segments	48	2	1905
44.5	45.5	45 48	segments	45	segments	48	2	1954
45.5	46.5	46 48	segments	46	segments	48	2	2003
46.5	47.5	47 48	segments	47	segments	48	2	2052
47.5	48.5	1	segments	48	segments	48	2	1
48.5	49.5	49 48	segments	49	segments	48	2	2151
49.5	50.5	50 48	segments	50	segments	48	2	2249
0.5	1.5	1 49	segments	1	segments	49	2	44
1.5	2.5	2 49	segments	2	segments	49	2	583
2.5	3.5	3 49	segments	3	segments	49	2	1122
3.5	4.5	4 49	segments	4	segments	49	2	1661
4.5	5.5	5 49	segments	5	segments	49	2	2201
5.5	6.5	6 49	segments	6	segments	49	2	2299
6.5	7.5	7 49	segments	7	segments	49	2	2348
7.5	8.5	8 49	segments	8	segments	49	2	2397
8.5	9.5	9 49	segments	9	segments	49	2	2446
9.5	10.5	10 49	segments	10	segments	49	2	93
10.5	11.5	11 49	segments	11	segments	49	2	142
11.5	12.5	12 49	segments	12	segments	49	2	191
12.5	13.5	13 49	segments	13	segments	49	2	240
13.5	14.5	14 49	segments	14	segments	49	2	289
14.5	15.5	15 49	segments	15	segments	49	2	338
15.5	16.5	16 49	segments	16	segments	49	2	387
16.5	17.5	17 49	segments	17	segments	49	2	436
17.5	18.5	18 49	segments	18	segments	49	2	485
18.5	19.5	19 49	segments	19	segments	49	2	534
19.5	20.5	20 49	segments	20	segments	49	2	632
20.5	21.5	21 49	segments	21	segments	49	2	681
21.5	22.5	22 49	segments	22	segments	49	2	730
22.5	23.5	23 49	segments	23	segments	49	2	779
23.5	24.5	24 49	segments	24	segments	49	2	828
24.5	25.5	25 49	segments	25	segments	49	2	877
25.5	26.5	26 49	segments	26	segments	49	2	926
26.5	27.5	27 49	segments	27	segments	49	2	975
27.5	28.5	28 49	segments	28	segments	49	2	1024
28.5	29.5	29 49	segments	29	segments	49	2	1073
29.5	30.5	30 49	segments	30	segments	49	2	1171
30.5	31.5	31 49	segments	31	segments	49	2	1220
31.5	32.5	32 49	segments	32	segments	49	2	1269
32.5	33.5	33 49	segments	33	segments	49	2	1318
33.5	34.5	34 49	segments	34	segments	49	2	1367
34.5	35.5	35 49	segments	35	segments	49	2	1416
35.5	36.5	36 49	segments	36	segments	49	2	1465
36.5	37.5	37 49	segments	37	segments	49	2	1514
37.5	38.5	38 49	segments	38	segments	49	2	1563
38.5	39.5	39 49	segments	39	segments	49	2	1612
39.5	40.5	40 49	segments	40	segments	49	2	1710
40.5	41.5	41 49	segments	41	segments	49	2	1759
41.5	42.5	42 49	segments	42	segments	49	2	1808
42.5	43.5	43 49	segments	43	segments	49	2	1857
43.5	44.5	44 49	segments	44	segments	49	2	1906
44.5	45.5	45 49	segments	45	segments	49	2	1955
45.5	46.5	46 49	segments	46	segments	49	2	2004
46.5	47.5	47 49	segments	47	segments	49	2	2053
47.5	48.5	48 49	segments	48	segments	49	2	2102
48.5	49.5	1	segments	49	segments	49	2	1
49.5	50.5	50 49	segments	50	segments	49	2	2250
0.5	1.5	1 50	segments	1	segments	50	2	46
1.5	2.5	2 50	segments	2	segments	50	2	585
2.5	3.5	3 50	segments	3	segments	50	2	1124
3.5	4.5	4 50	segments	4	segments	50	2	1663
4.5	5.5	5 50	segments	5	segments	50	2	2202
5.5	6.5	6 50	segments	6	segments	50	2	2301
6.5	7.5	7 50	segments	7	segments	50	2	2350
7.5	8.5	8 50	segments	8	segments	50	2	2399
8.5	9.5	9 50	segments	9	segments	50	2	2448
9.5	10.5	10 50	segments	10	segments	50	2	95
10.5	11.5	11 50	segments	11	segments	50	2	144
11.5	12.5	12 50	segments	12	segments	50	2	193
12.5	13.5	13 50	segments	13	segments	50	2	242
13.5	14.5	14 50	segments	14	segments	50	2	291
14.5	15.5	15 50	segments	15	segments	50	2	340
15.5	16.5	16 50	segments	16	segments	50	2	389
16.5	17.5	17 50	segments	17	segments	50	2	438
17.5	18.5	18 50	segments	18	segments	50	2	487
18.5	19.5	19 50	segments	19	segments	50	2	536
19.5	20.5	20 50	segments	20	segments	50	2	634
20.5	21.5	21 50	segments	21	segments	50	2	683
21.5	22.5	22 50	segments	22	segments	50	2	732
22.5	23.5	23 50	segments	23	segments	50	2	781
23.5	24.5	24 50	segments	24	segments	50	2	830
24.5	25.5	25 50	segments	25	segments	50	2	879
25.5	26.5	26 50	segments	26	segments	50	2	928
26.5	27.5	27 50	segments	27	segments	50	2	977
27.5	28.5	28 50	segments	28	segments	50	2	1026
28.5	29.5	29 50	segments	29	segments	50	2	1075
29.5	30.5	30 50	segments	30	segments	50	2	1173
30.5	31.5	31 50	segments	31	segments	50	2	1222
31.5	32.5	32 50	segments	32	segments	50	2	1271
32.5	33.5	33 50	segments	33	segments	50	2	1320
33.5	34.5	34 50	segments	34	segments	50	2	1369
34.5	35.5	35 50	segments	35	segments	50	2	1418
35.5	36.5	36 50	segments	36	segments	50	2	1467
36.5	37.5	37 50	segments	37	segments	50	2	1516
37.5	38.5	38 50	segments	38	segments	50	2	1565
38.5	39.5	39 50	segments	39	segments	50	2	1614
39.5	40.5	40 50	segments	40	segments	50	2	1712
40.5	41.5	41 50	segments	41	segments	50	2	1761
41.5	42.5	42 50	segments	42	segments	50	2	1810
42.5	43.5	43 50	segments	43	segments	50	2	1859
43.5	44.5	44 50	segments	44	segments	50	2	1908
44.5	45.5	45 50	segments	45	segments	50	2	1957
45.5	46.5	46 50	segments	46	segments	50	2	2006
46.5	47.5	47 50	segments	47	segments	50	2	2055
47.5	48.5	48 50	segments	48	segments	50	2	2104
48.5	49.5	49 50	segments	49	segments	50	2	2153
49.5	50.5	1	segments	50	segments	50	2	1
